[
    {
        "נושא": "ניהול מידע התנהגות",
        "תעסוקה": 0,
        "בריאות": 5,
        "פיננסים": 4,
        "פנאי ובידור": 6,
        "למידה דיגיטאלית": 4,
        "מיצוי זכויות": 9,
        "חברה ותקשורת": 5,
        "צרכנות": 4,
        "ביטחון ובטיחות": 6,
        "כללי": 4
    },
    {
        "נושא": "ניהול מידע עמדות",
        "תעסוקה": 19,
        "בריאות": 17,
        "פיננסים": 16,
        "פנאי ובידור": 14,
        "למידה דיגיטאלית": 12,
        "מיצוי זכויות": 19,
        "חברה ותקשורת": 17,
        "צרכנות": 16,
        "ביטחון ובטיחות": 14,
        "כללי": 12
    },
    {
        "נושא": "ניהול מידע ידע",
        "תעסוקה": 13,
        "בריאות": 3,
        "פיננסים": 13,
        "פנאי ובידור": 19,
        "למידה דיגיטאלית": 16,
        "מיצוי זכויות": 13,
        "חברה ותקשורת": 3,
        "צרכנות": 13,
        "ביטחון ובטיחות": 19,
        "כללי": 16
    },
    {
        "נושא": "תקשורת התנהגות",
        "תעסוקה": 6,
        "בריאות": 10,
        "פיננסים": 8,
        "פנאי ובידור": 16,
        "למידה דיגיטאלית": 2,
        "מיצוי זכויות": 6,
        "חברה ותקשורת": 10,
        "צרכנות": 8,
        "ביטחון ובטיחות": 16,
        "כללי": 2
    },
    {
        "נושא": "תקשורת עמדות",
        "תעסוקה": 19,
        "בריאות": 4,
        "פיננסים": 14,
        "פנאי ובידור": 16,
        "למידה דיגיטאלית": 6,
        "מיצוי זכויות": 19,
        "חברה ותקשורת": 4,
        "צרכנות": 14,
        "ביטחון ובטיחות": 16,
        "כללי": 6
    },
    {
        "נושא": "תקשורת ידע",
        "תעסוקה": 4,
        "בריאות": 20,
        "פיננסים": 12,
        "פנאי ובידור": 12,
        "למידה דיגיטאלית": 14,
        "מיצוי זכויות": 4,
        "חברה ותקשורת": 20,
        "צרכנות": 12,
        "ביטחון ובטיחות": 12,
        "כללי": 14
    },
    {
        "נושא": "עסקאות התנהגות",
        "תעסוקה": 5,
        "בריאות": 19,
        "פיננסים": 11,
        "פנאי ובידור": 18,
        "למידה דיגיטאלית": 16,
        "מיצוי זכויות": 5,
        "חברה ותקשורת": 19,
        "צרכנות": 11,
        "ביטחון ובטיחות": 18,
        "כללי": 16
    },
    {
        "נושא": "עסקאות עמדות",
        "תעסוקה": 17,
        "בריאות": 17,
        "פיננסים": 16,
        "פנאי ובידור": 16,
        "למידה דיגיטאלית": 6,
        "מיצוי זכויות": 17,
        "חברה ותקשורת": 17,
        "צרכנות": 16,
        "ביטחון ובטיחות": 16,
        "כללי": 6
    },
    {
        "נושא": "עסקאות ידע",
        "תעסוקה": 11,
        "בריאות": 9,
        "פיננסים": 18,
        "פנאי ובידור": 4,
        "למידה דיגיטאלית": 6,
        "מיצוי זכויות": 11,
        "חברה ותקשורת": 9,
        "צרכנות": 18,
        "ביטחון ובטיחות": 4,
        "כללי": 6
    },
    {
        "נושא": "פתרון בעיות התנהגות",
        "תעסוקה": 9,
        "בריאות": 5,
        "פיננסים": 4,
        "פנאי ובידור": 6,
        "למידה דיגיטאלית": 4,
        "מיצוי זכויות": 9,
        "חברה ותקשורת": 5,
        "צרכנות": 4,
        "ביטחון ובטיחות": 6,
        "כללי": 4
    },
    {
        "נושא": "פתרון בעיות עמדות",
        "תעסוקה": 19,
        "בריאות": 17,
        "פיננסים": 16,
        "פנאי ובידור": 14,
        "למידה דיגיטאלית": 12,
        "מיצוי זכויות": 19,
        "חברה ותקשורת": 17,
        "צרכנות": 16,
        "ביטחון ובטיחות": 14,
        "כללי": 12
    },
    {
        "נושא": "פתרון בעיות ידע",
        "תעסוקה": 13,
        "בריאות": 3,
        "פיננסים": 13,
        "פנאי ובידור": 19,
        "למידה דיגיטאלית": 16,
        "מיצוי זכויות": 13,
        "חברה ותקשורת": 3,
        "צרכנות": 13,
        "ביטחון ובטיחות": 19,
        "כללי": 16
    },
    {
        "נושא": "תחומי חיים כללי התנהגות",
        "תעסוקה": 6,
        "בריאות": 10,
        "פיננסים": 8,
        "פנאי ובידור": 16,
        "למידה דיגיטאלית": 2,
        "מיצוי זכויות": 6,
        "חברה ותקשורת": 10,
        "צרכנות": 8,
        "ביטחון ובטיחות": 16,
        "כללי": 2
    },
    {
        "נושא": "תחומי חיים כללי עמדות",
        "תעסוקה": 19,
        "בריאות": 4,
        "פיננסים": 14,
        "פנאי ובידור": 16,
        "למידה דיגיטאלית": 6,
        "מיצוי זכויות": 19,
        "חברה ותקשורת": 4,
        "צרכנות": 14,
        "ביטחון ובטיחות": 16,
        "כללי": 6
    },
    {
        "נושא": "תחומי חיים כללי ידע",
        "תעסוקה": 4,
        "בריאות": 20,
        "פיננסים": 12,
        "פנאי ובידור": 12,
        "למידה דיגיטאלית": 14,
        "מיצוי זכויות": 4,
        "חברה ותקשורת": 20,
        "צרכנות": 12,
        "ביטחון ובטיחות": 12,
        "כללי": 14
    },
    {
        "נושא": "AI התנהגות",
        "תעסוקה": 5,
        "בריאות": 19,
        "פיננסים": 11,
        "פנאי ובידור": 18,
        "למידה דיגיטאלית": 16,
        "מיצוי זכויות": 5,
        "חברה ותקשורת": 19,
        "צרכנות": 11,
        "ביטחון ובטיחות": 18,
        "כללי": 16
    },
    {
        "נושא": "AI עמדות",
        "תעסוקה": 17,
        "בריאות": 17,
        "פיננסים": 16,
        "פנאי ובידור": 16,
        "למידה דיגיטאלית": 6,
        "מיצוי זכויות": 17,
        "חברה ותקשורת": 17,
        "צרכנות": 16,
        "ביטחון ובטיחות": 16,
        "כללי": 6
    },
    {
        "נושא": "AI ידע",
        "תעסוקה": 11,
        "בריאות": 9,
        "פיננסים": 18,
        "פנאי ובידור": 4,
        "למידה דיגיטאלית": 6,
        "מיצוי זכויות": 11,
        "חברה ותקשורת": 9,
        "צרכנות": 18,
        "ביטחון ובטיחות": 4,
        "כללי": 6
    }
]