[
    {
        "תחום": "תעסוקה",
        "מאפיין": "ניהול מידע",
        "התנהגות / עמדות / ידע": "התנהגות",
        "סעיף / היגד על": "מציאת עבודה באמצעות האינטרנט",
        "פריט/היגד מקורי": "Have you ever successfully found a JOB through the Internet? [Yes, No, Don’t know]",
        "מקור": "Oxford Internet Surveys (OxIS) ",
        "קישור": "OxIS Questionnaire 2019",
        "גרף":"bar"
    },
    {
        "תחום": "תעסוקה",
        "מאפיין": "ניהול מידע",
        "התנהגות / עמדות / ידע": "עמדות",
        "סעיף / היגד על": "",
        "פריט/היגד מקורי": "",
        "מקור": "",
        "קישור": "",
        "גרף":"Default"
    },
    {
        "תחום": "תעסוקה",
        "מאפיין": "ניהול מידע",
        "התנהגות / עמדות / ידע": "ידע",
        "סעיף / היגד על": "רמת הידע והמיומנות בניהול מידע דיגיטלי בענן בעבודה",
        "פריט/היגד מקורי": "I can securely access, synchronise and share information at work across different devices",
        "מקור": "UK Cunsumer Index",
        "קישור": "https://www.lloydsbank.com/consumer-digital-index.html",
        "גרף":"pie"
    },
    {
        "תחום": "תעסוקה",
        "מאפיין": "תקשורת",
        "התנהגות / עמדות / ידע": "התנהגות",
        "סעיף / היגד על": "יכולת לנהל פרופיל ברשת לצורך תעסוקה ויכולת להתנהל בכלים דיגיטליים במקום העבודה",
        "פריט/היגד מקורי": "I can communicate in the workplace digitally using messaging applications, I can set up and manage an account on a professional online network/community/job site, \nI can use workplace digital tools to create, share and collaborate with colleagues",
        "מקור": "UK Cunsumer Index",
        "קישור": "https://www.lloydsbank.com/consumer-digital-index.html",
        "גרף": "bar"
    },
    {
        "תחום": "תעסוקה",
        "מאפיין": "תקשורת",
        "התנהגות / עמדות / ידע": "עמדות",
        "סעיף / היגד על": "",
        "פריט/היגד מקורי": "",
        "מקור": "",
        "קישור": "",
        "גרף":"Default"
    },
    {
        "תחום": "תעסוקה",
        "מאפיין": "תקשורת",
        "התנהגות / עמדות / ידע": "ידע",
        "סעיף / היגד על": "",
        "פריט/היגד מקורי": "",
        "מקור": "",
        "קישור": "",
        "גרף":"Default"
    },
    {
        "תחום": "תעסוקה",
        "מאפיין": "עריכת עסקאות",
        "התנהגות / עמדות / ידע": "התנהגות",
        "סעיף / היגד על": "יכולת להשלים רשומה דיגיטלית ",
        "פריט/היגד מקורי": "I can complete digital records on behalf of, or within my organisation, \nI can access salary and tax information digitally",
        "מקור": "UK Cunsumer Index",
        "קישור": "https://www.lloydsbank.com/consumer-digital-index.html",
        "גרף":"pie"
    },
    {
        "תחום": "תעסוקה",
        "מאפיין": "עריכת עסקאות",
        "התנהגות / עמדות / ידע": "עמדות",
        "סעיף / היגד על": "",
        "פריט/היגד מקורי": "",
        "מקור": "",
        "קישור": "",
        "גרף":"Default"
    },
    {
        "תחום": "תעסוקה",
        "מאפיין": "עריכת עסקאות",
        "התנהגות / עמדות / ידע": "ידע",
        "סעיף / היגד על": "",
        "פריט/היגד מקורי": "",
        "מקור": "",
        "קישור": "",
        "גרף":"Default"
    },
    {
        "תחום": "תעסוקה",
        "מאפיין": "פתרון בעיות",
        "התנהגות / עמדות / ידע": "התנהגות",
        "סעיף / היגד על": "",
        "פריט/היגד מקורי": "",
        "מקור": "",
        "קישור": "",
        "גרף":"Default"
    },
    {
        "תחום": "תעסוקה",
        "מאפיין": "פתרון בעיות",
        "התנהגות / עמדות / ידע": "עמדות",
        "סעיף / היגד על": "יכולת לשפר תפוקה אישית או ארגונית באמצעות כלים דיגיטלים",
        "פריט/היגד מקורי": "I can improve my skills and ability to do new things at work using online tutorials, learning platforms and how-to guides, I can improve my own and/or the organisation's productivity using digital tools",
        "מקור": "UK Cunsumer Index",
        "קישור": "https://www.lloydsbank.com/consumer-digital-index.html",
        "גרף":"pie"
    },
    {
        "תחום": "תעסוקה",
        "מאפיין": "פתרון בעיות",
        "התנהגות / עמדות / ידע": "ידע",
        "סעיף / היגד על": "יכולת לאתר מידע באינטרנט לפתרון בעיות בחברה",
        "פריט/היגד מקורי": "",
        "מקור": "UK Cunsumer Index",
        "קישור": "https://www.lloydsbank.com/consumer-digital-index.html",
        "גרף":"pie"
    },
    {
        "תחום": "תעסוקה",
        "מאפיין": "כללי",
        "התנהגות / עמדות / ידע": "התנהגות",
        "סעיף / היגד על": "שימוש באינטרנט לצורך יצירת קשר, קידום או שיתוף פעולה עם עמיתים",
        "פריט/היגד מקורי": "Now I’d like you to think about the different things people do online at work. Have you ever used the Internet to… [Yes, No, Don’t know] [Promote yourself or your services, Collaborate with colleagues on work tasks, Compose or research reports, documents or other information materials]",
        "מקור": "Oxford Internet Surveys (OxIS) ",
        "קישור": "OxIS Questionnaire 2019",
        "גרף":"scatter"
    },
    {
        "תחום": "תעסוקה",
        "מאפיין": "כללי",
        "התנהגות / עמדות / ידע": "עמדות",
        "סעיף / היגד על": "מידת ההתאמה בין הכישורים הדיגיטליים האישיים לכישורים הנדרשים בעבודה",
        "פריט/היגד מקורי": "Thinking about how well your computer and online skills match the requirements of your work, would you say… [Yes, No, Don’t know] [Your digital skills are a good match for your current job, If you had better digital skills you could do y our job better, If you had better digital skills you could get a better job]",
        "מקור": "Oxford Internet Surveys (OxIS) ",
        "קישור": "OxIS Questionnaire 2019",
        "גרף":"scatter"
    },
    {
        "תחום": "תעסוקה",
        "מאפיין": "כללי",
        "התנהגות / עמדות / ידע": "ידע",
        "סעיף / היגד על": "",
        "פריט/היגד מקורי": "",
        "מקור": "",
        "קישור": "",
        "גרף":"Default"
    },
    {
        "תחום": "תעסוקה",
        "מאפיין": "בינה מלאכותית",
        "התנהגות / עמדות / ידע": "התנהגות",
        "סעיף / היגד על": "",
        "פריט/היגד מקורי": "",
        "מקור": "",
        "קישור": "",
        "גרף":"Default"
    },  
    {
        "תחום": "תעסוקה",
        "מאפיין": "בינה מלאכותית",
        "התנהגות / עמדות / ידע": "עמדות",
        "סעיף / היגד על": "",
        "פריט/היגד מקורי": "",
        "מקור": "",
        "קישור": "",
        "גרף":"Default"
    },  
    {
        "תחום": "תעסוקה",
        "מאפיין": "בינה מלאכותית",
        "התנהגות / עמדות / ידע": "ידע",
        "סעיף / היגד על": "",
        "פריט/היגד מקורי": "",
        "מקור": "",
        "קישור": "",
        "גרף":"Default"
    },     
    {
        "תחום": "בריאות",
        "מאפיין": "ניהול מידע",
        "התנהגות / עמדות / ידע": "התנהגות",
        "סעיף / היגד על": "חשש מחשיפת דוחות רפואיים אישיים",
        "פריט/היגד מקורי": "",
        "מקור": "",
        "קישור": "",
        "גרף":"pie"
    },
    {
        "תחום": "בריאות",
        "מאפיין": "ניהול מידע",
        "התנהגות / עמדות / ידע": "עמדות",
        "סעיף / היגד על": "",
        "פריט/היגד מקורי": "",
        "מקור": "",
        "קישור": "",
        "גרף":"Default"
    },
    {
        "תחום": "בריאות",
        "מאפיין": "ניהול מידע",
        "התנהגות / עמדות / ידע": "ידע",
        "סעיף / היגד על": "",
        "פריט/היגד מקורי": "",
        "מקור": "",
        "קישור": "",
        "גרף":"Default"
    },
    {
        "תחום": "בריאות",
        "מאפיין": "תקשורת",
        "התנהגות / עמדות / ידע": "התנהגות",
        "סעיף / היגד על": "שימוש בתקשורת מקוונת רפואית",
        "פריט/היגד מקורי": "",
        "מקור": "",
        "קישור": "",
        "גרף":"pie"
    },
    {
        "תחום": "בריאות",
        "מאפיין": "תקשורת",
        "התנהגות / עמדות / ידע": "עמדות",
        "סעיף / היגד על": "",
        "פריט/היגד מקורי": "",
        "מקור": "",
        "קישור": "",
        "גרף":"Default"
    },
    {
        "תחום": "בריאות",
        "מאפיין": "תקשורת",
        "התנהגות / עמדות / ידע": "ידע",
        "סעיף / היגד על": "",
        "פריט/היגד מקורי": "",
        "מקור": "",
        "קישור": "",
        "גרף":"Default"
    },
    {
        "תחום": "בריאות",
        "מאפיין": "עריכת עסקאות",
        "התנהגות / עמדות / ידע": "התנהגות",
        "סעיף / היגד על": "יכולת מילוי טפסים מקווונים בשירותי הבריאות",
        "פריט/היגד מקורי": "I can fill in forms online to access the services I need",
        "מקור": "UK Cunsumer Index",
        "קישור": "https://www.lloydsbank.com/consumer-digital-index.html",
        "גרף":"pie"
    },
    {
        "תחום": "בריאות",
        "מאפיין": "עריכת עסקאות",
        "התנהגות / עמדות / ידע": "עמדות",
        "סעיף / היגד על": "",
        "פריט/היגד מקורי": "",
        "מקור": "",
        "קישור": "",
        "גרף":"Default"
    },
    {
        "תחום": "בריאות",
        "מאפיין": "עריכת עסקאות",
        "התנהגות / עמדות / ידע": "ידע",
        "סעיף / היגד על": "",
        "פריט/היגד מקורי": "",
        "מקור": "",
        "קישור": "",
        "גרף":"Default"
    },
    {
        "תחום": "בריאות",
        "מאפיין":"פתרון בעיות",
        "התנהגות / עמדות / ידע": "התנהגות",
        "סעיף / היגד על": "",
        "פריט/היגד מקורי": "",
        "מקור": "",
        "קישור": "",
        "גרף":"Default"
    },
    {
        "תחום": "בריאות",
        "מאפיין": "פתרון בעיות",
        "התנהגות / עמדות / ידע": "עמדות",
        "סעיף / היגד על": "",
        "פריט/היגד מקורי": "",
        "מקור": "",
        "קישור": "",
        "גרף":"Default"
    },
    {
        "תחום": "בריאות",
        "מאפיין": "פתרון בעיות",
        "התנהגות / עמדות / ידע": "ידע",
        "סעיף / היגד על": "",
        "פריט/היגד מקורי": "",
        "מקור": "",
        "קישור": "",
        "גרף":"Default"
    },
    {
        "תחום": "בריאות",
        "מאפיין": "כללי",
        "התנהגות / עמדות / ידע": "התנהגות",
        "סעיף / היגד על": "ביצוע פעולות בשירותי הבריאות (כמו הזמנת תור) באמצעות האינטרנט",
        "פריט/היגד מקורי": " In the past 6 months, have you done any of the following on the internet? [Yes, No] [Booked a medical appointment or accessed a health service ] ",
        "מקור": "Australian Digital Inclusion Index",
        "קישור": "Australian Internet Usage Survey",
        "גרף":"pie"
    },
    {
        "תחום": "בריאות",
        "מאפיין": "כללי",
        "התנהגות / עמדות / ידע": "עמדות",
        "סעיף / היגד על": "",
        "פריט/היגד מקורי": "",
        "מקור": "",
        "קישור": "",
        "גרף":"Default"
    },
    {
        "תחום": "בריאות",
        "מאפיין": "כללי",
        "התנהגות / עמדות / ידע": "ידע",
        "סעיף / היגד על": "",
        "פריט/היגד מקורי": "",
        "מקור": "",
        "קישור": "",
        "גרף":"Default"
    },
    {
        "תחום": "בריאות",
        "מאפיין": "בינה מלאכותית",
        "התנהגות / עמדות / ידע": "התנהגות",
        "סעיף / היגד על": "",
        "פריט/היגד מקורי": "",
        "מקור": "",
        "קישור": "",
        "גרף":"Default"
    },
    {
        "תחום": "בריאות",
        "מאפיין": "בינה מלאכותית",
        "התנהגות / עמדות / ידע": "עמדות",
        "סעיף / היגד על": "",
        "פריט/היגד מקורי": "",
        "מקור": "",
        "קישור": "",
        "גרף":"Default"
    },
    {
        "תחום": "בריאות",
        "מאפיין": "בינה מלאכותית",
        "התנהגות / עמדות / ידע": "ידע",
        "סעיף / היגד על": "",
        "פריט/היגד מקורי": "",
        "מקור": "",
        "קישור": "",
        "גרף":"Default"
    },
    {
        "תחום": "פיננסים",
        "מאפיין": "ניהול מידע",
        "התנהגות / עמדות / ידע": "התנהגות",
        "סעיף / היגד על": "",
        "פריט/היגד מקורי": "",
        "מקור": "",
        "קישור": "",
        "גרף":"Default"
    },
    {
        "תחום": "פיננסים",
        "מאפיין": "ניהול מידע",
        "התנהגות / עמדות / ידע": "עמדות",
        "סעיף / היגד על": "",
        "פריט/היגד מקורי": "",
        "מקור": "",
        "קישור": "",
        "גרף":"Default"
    },
    {
        "תחום": "פיננסים",
        "מאפיין": "ניהול מידע",
        "התנהגות / עמדות / ידע": "ידע",
        "סעיף / היגד על": "הכרות עם כלים לניהול מידע פיננסי ברשת",
        "פריט/היגד מקורי": "",
        "מקור": "",
        "קישור": "",
        "גרף":"bar"

    },
    {
        "תחום": "פיננסים",
        "מאפיין": "תקשורת",
        "התנהגות / עמדות / ידע": "התנהגות",
        "סעיף / היגד על": "",
        "פריט/היגד מקורי": "",
        "מקור": "",
        "קישור": "",
        "גרף":"Default"
    },
    {
        "תחום": "פיננסים",
        "מאפיין": "תקשורת",
        "התנהגות / עמדות / ידע": "עמדות",
        "סעיף / היגד על": "",
        "פריט/היגד מקורי": "",
        "מקור": "",
        "קישור": "",
        "גרף":"Default"

    },
    {
        "תחום": "פיננסים",
        "מאפיין": "תקשורת",
        "התנהגות / עמדות / ידע": "ידע",
        "סעיף / היגד על": "",
        "פריט/היגד מקורי": "",
        "מקור": "",
        "קישור": "",
        "גרף":"Default"
    },
    {
        "תחום": "פיננסים",
        "מאפיין": "עריכת עסקאות",
        "התנהגות / עמדות / ידע": "התנהגות",
        "סעיף / היגד על": "יכולת לנהל כספים ועסקאות באינטרנט",
        "פריט/היגד מקורי": "I can manage my money and transactions online",
        "מקור": "UK Cunsumer Index",
        "קישור": "https://www.lloydsbank.com/consumer-digital-index.html",
        "גרף":"pie"
    },
    {
        "תחום": "פיננסים",
        "מאפיין": "עריכת עסקאות",
        "התנהגות / עמדות / ידע": "עמדות",
        "סעיף / היגד על": "",
        "פריט/היגד מקורי": "",
        "מקור": "",
        "קישור": "",
        "גרף":"Default"
    },
    {
        "תחום": "פיננסים",
        "מאפיין": "עריכת עסקאות",
        "התנהגות / עמדות / ידע": "ידע",
        "סעיף / היגד על": "",
        "פריט/היגד מקורי": "",
        "מקור": "",
        "קישור": "",
        "גרף":"Default"
    },
    {
        "תחום": "פיננסים",
        "מאפיין": "פתרון בעיות",
        "התנהגות / עמדות / ידע": "התנהגות",
        "סעיף / היגד על": "שימוש בשירותים דיגיטליים לניהול פיננסי",
        "פריט/היגד מקורי": "ICT: Have you submitted your tax declaration via a website or app for private purpose in the last 12 months?[Yes I did it myself, No, it was done automatically, No, I delievered it to the tax authority in paper format, No, someone else did it on my behalf, No, for other reasons]\nAustralian Internet Usage: In the past 6 months, have you done any of the following on the internet? [Yes, No] [Used banking websites or apps to manage money]",
        "מקור": "Australian Digital Inclusion Index",
        "קישור": "Australian Internet Usage Survey",
        "גרף":"scatter"
    },
    {
        "תחום": "פיננסים",
        "מאפיין": "פתרון בעיות",
        "התנהגות / עמדות / ידע": "עמדות",
        "סעיף / היגד על": "",
        "פריט/היגד מקורי": "",
        "מקור": "",
        "קישור": "",
        "גרף":"Default"
    },
    {
        "תחום": "פיננסים",
        "מאפיין": "פתרון בעיות",
        "התנהגות / עמדות / ידע": "ידע",
        "סעיף / היגד על": "",
        "פריט/היגד מקורי": "",
        "מקור": "",
        "קישור": "",
        "גרף":"Default"
    },
    {
        "תחום": "פיננסים",
        "מאפיין": "כללי",
        "התנהגות / עמדות / ידע": "התנהגות",
        "סעיף / היגד על": "",
        "פריט/היגד מקורי": "",
        "מקור": "",
        "קישור": "",
        "גרף":"Default"
    },
    {
        "תחום": "פיננסים",
        "מאפיין": "כללי",
        "התנהגות / עמדות / ידע": "עמדות",
        "סעיף / היגד על": "מידת ההעדפה לניהול פיננסי בכלים מקוונים",
        "פריט/היגד מקורי": "To what degree do you personally agree or disagree with each of the following statements about using the Internet to help manage your fices? [I prefer to manage my money online than via other banking channels, ,... sites and apps help me to budget better, I use the internet to invest money and/or to buy or sell stocks and shares]",
        "מקור": "UK Cunsumer Index",
        "קישור": "https://www.lloydsbank.com/consumer-digital-index.html"
    },
    {
        "תחום": "פיננסים",
        "מאפיין": "כללי",
        "התנהגות / עמדות / ידע": "ידע",
        "סעיף / היגד על": "",
        "פריט/היגד מקורי": "",
        "מקור": "",
        "קישור": "",
        "גרף":"Default"
    },
    {
        "תחום": "פיננסים",
        "מאפיין": "בינה מלאכותית",
        "התנהגות / עמדות / ידע": "התנהגות",
        "סעיף / היגד על": "",
        "פריט/היגד מקורי": "",
        "מקור": "",
        "קישור": "",
        "גרף":"Default"
    },
    {
        "תחום": "פיננסים",
        "מאפיין": "בינה מלאכותית",
        "התנהגות / עמדות / ידע": "עמדות",
        "סעיף / היגד על": "",
        "פריט/היגד מקורי": "",
        "מקור": "",
        "קישור": "",
        "גרף":"Default"
    },
    {
        "תחום": "פיננסים",
        "מאפיין": "בינה מלאכותית",
        "התנהגות / עמדות / ידע": "ידע",
        "סעיף / היגד על": "",
        "פריט/היגד מקורי": "",
        "מקור": "",
        "קישור": "",
        "גרף":"Default"
    },
    {
        "תחום": "פנאי ובידור",
        "מאפיין": "ניהול מידע",
        "התנהגות / עמדות / ידע": "התנהגות",
        "סעיף / היגד על": "יכולת גישה לתוכן בידור באינטרנט",
        "פריט/היגד מקורי": "I can use the Internet to stream or download entertainment content",
        "מקור": "UK Cunsumer Index",
        "קישור": "https://www.lloydsbank.com/consumer-digital-index.html",
        "גרף":"pie"
    },
    {
        "תחום": "פנאי ובידור",
        "מאפיין": "ניהול מידע",
        "התנהגות / עמדות / ידע": "עמדות",
        "סעיף / היגד על": "",
        "פריט/היגד מקורי": "",
        "מקור": "",
        "קישור": "",
        "גרף":"Default"
    },
    {
        "תחום": "פנאי ובידור",
        "מאפיין": "ניהול מידע",
        "התנהגות / עמדות / ידע": "ידע",
        "סעיף / היגד על": "יכולת גישה לתוכן בידור באינטרנט",
        "פריט/היגד מקורי": "I can use the Internet to stream or download entertainment content",
        "מקור": "UK Cunsumer Index",
        "קישור": "https://www.lloydsbank.com/consumer-digital-index.html",
        "גרף":"pie"
    },
    {
        "תחום": "פנאי ובידור",
        "מאפיין": "תקשורת",
        "התנהגות / עמדות / ידע": "התנהגות",
        "סעיף / היגד על": "מידת השימוש באתרי מדיה/רשתות חברתית ",
        "פריט/היגד מקורי": "Do you ever use social media sites like Facebook, Twitter, or Instagram? [Yes, I use social media sites, No, I do not use social media sites, No answer] ",
        "מקור": "Pew Research Center’s American Trends Panel ",
        "קישור": "Pew Research Center",
        "גרף":"bar"
    },
    {
        "תחום": "פנאי ובידור",
        "מאפיין": "תקשורת",
        "התנהגות / עמדות / ידע": "עמדות",
        "סעיף / היגד על": "",
        "פריט/היגד מקורי": "",
        "מקור": "",
        "קישור": "",
        "גרף":"Default"
    },
    {
        "תחום": "פנאי ובידור",
        "מאפיין": "תקשורת",
        "התנהגות / עמדות / ידע": "ידע",
        "סעיף / היגד על": "",
        "פריט/היגד מקורי": "",
        "מקור": "",
        "קישור": "",
        "גרף":"Default"
    }, 
    {
        "תחום": "פנאי ובידור",
        "מאפיין": "עריכת עסקאות",
        "התנהגות / עמדות / ידע": "התנהגות",
        "סעיף / היגד על": "",
        "פריט/היגד מקורי": "",
        "מקור": "",
        "קישור": "",
        "גרף":"Default"
    },
    {
        "תחום": "פנאי ובידור",
        "מאפיין": "עריכת עסקאות",
        "התנהגות / עמדות / ידע": "עמדות",
        "סעיף / היגד על": "",
        "פריט/היגד מקורי": "",
        "מקור": "",
        "קישור": "",
        "גרף":"Default"
    },
    {
        "תחום": "פנאי ובידור",
        "מאפיין": "עריכת עסקאות",
        "התנהגות / עמדות / ידע": "ידע",
        "סעיף / היגד על": "",
        "פריט/היגד מקורי": "",
        "מקור": "",
        "קישור": "",
        "גרף":"Default"
    },
    {
        "תחום": "פנאי ובידור",
        "מאפיין": "פתרון בעיות",
        "התנהגות / עמדות / ידע": "התנהגות",
        "סעיף / היגד על": "",
        "פריט/היגד מקורי": "",
        "מקור": "",
        "קישור": "",
        "גרף":"Default"
    },
    {
        "תחום": "פנאי ובידור",
        "מאפיין": "פתרון בעיות",
        "התנהגות / עמדות / ידע": "עמדות",
        "סעיף / היגד על": "",
        "פריט/היגד מקורי": "",
        "מקור": "",
        "קישור": "",
        "גרף":"Default"
    },
    {
        "תחום": "פנאי ובידור",
        "מאפיין": "פתרון בעיות",
        "התנהגות / עמדות / ידע": "ידע",
        "סעיף / היגד על": "",
        "פריט/היגד מקורי": "",
        "מקור": "",
        "קישור": "",
        "גרף":"Default"
    },
    {
        "תחום": "פנאי ובידור",
        "מאפיין": "כללי",
        "התנהגות / עמדות / ידע": "התנהגות",
        "סעיף / היגד על": "תדירות השימוש באינטרנט למטרות פנאי ובידור (כגון: האזנה למוסיקה, צפה בסרטים כדו')",
        "פריט/היגד מקורי": "How often do you go online for the following purposes?[Many times a day, Daily, Weekly, Monthly, Less than monthly, Never, DK] [Play online games with or against other people, Play online games without any other people, Download music, Listen to music online, Download videos, Watch movies, films or videos online, Look at pictures or photos online, Watch TV programs online, Listen to a podcast, Read a n e-book online , like on a Kindle]",
        "מקור": "Oxford Internet Surveys (OxIS) ",
        "קישור": "OxIS Questionnaire 2019",
        "גרף":"scatter"
    },
    {
        "תחום": "פנאי ובידור",
        "מאפיין": "כללי",
        "התנהגות / עמדות / ידע": "עמדות",
        "סעיף / היגד על": "מידת החשיבות של פלטפורמות בידור שונות (טלוויזיה, רדיו וכדו')",
        "פריט/היגד מקורי": "People like different kinds of ENTERTAINMENT. How important is each of the following for your ENTERTAINMENT? Would you say they are [Essential, Very important, Important, Not so important, Not important at all, Don't know] [Television, Radio, Spending time with other people, The internet]",
        "מקור": "Oxford Internet Surveys (OxIS) ",
        "קישור": "OxIS Questionnaire 2019",
        "גרף":"scatter"
    },
    {
        "תחום": "פנאי ובידור",
        "מאפיין": "כללי",
        "התנהגות / עמדות / ידע": "ידע",
        "סעיף / היגד על": "",
        "פריט/היגד מקורי": "",
        "מקור": "",
        "קישור": "",
        "גרף":"Default"
        
    },
    {
        "תחום": "פנאי ובידור",
        "מאפיין": "בינה מלאכותית",
        "התנהגות / עמדות / ידע": "התנהגות",
        "סעיף / היגד על": "",
        "פריט/היגד מקורי": "",
        "מקור": "",
        "קישור": "",
        "גרף":"Default"
    },
    {
        "תחום": "פנאי ובידור",
        "מאפיין": "בינה מלאכותית",
        "התנהגות / עמדות / ידע": "עמדות",
        "סעיף / היגד על": "",
        "פריט/היגד מקורי": "",
        "מקור": "",
        "קישור": "",
        "גרף":"Default"
    },
    {
        "תחום": "פנאי ובידור",
        "מאפיין": "בינה מלאכותית",
        "התנהגות / עמדות / ידע": "ידע",
        "סעיף / היגד על": "",
        "פריט/היגד מקורי": "",
        "מקור": "",
        "קישור": "",
        "גרף":"Default"
    },
    {
        "תחום": "למידה",
        "מאפיין": "ניהול מידע",
        "התנהגות / עמדות / ידע": "התנהגות",
        "סעיף / היגד על": "תדירות השימוש באינטרנט לצרכי למידה (ביצוע פרויקט, מחקר וכדו)",
        "פריט/היגד מקורי": "Some people go online to support their LEARNING in some way, many others do not. How often, if ever, do you go online for the following purposes? [Many times a day, Daily, Weekly, Monthly, Less than monthly, Never, DK] [Finding or checking a fact, Completing a school or work project, Investigating topics of personal interest, To learn how to do something yourself, like repair something around the house or a DIY project]",
        "מקור": "Oxford Internet Surveys (OxIS) ",
        "קישור": "OxIS Questionnaire 2019",
        "גרף":"scatter"
    },
    {
        "תחום": "למידה",
        "מאפיין": "ניהול מידע",
        "התנהגות / עמדות / ידע": "עמדות",
        "סעיף / היגד על": "",
        "פריט/היגד מקורי": "",
        "מקור": "",
        "קישור": "",
        "גרף":"Default"
    },
    {
        "תחום": "למידה",
        "מאפיין": "ניהול מידע",
        "התנהגות / עמדות / ידע": "ידע",
        "סעיף / היגד על": "",
        "פריט/היגד מקורי": "",
        "מקור": "",
        "קישור": "",
        "גרף":"Default"
    },
    {
        "תחום": "למידה",
        "מאפיין": "תקשורת",
        "התנהגות / עמדות / ידע": "התנהגות",
        "סעיף / היגד על": "",
        "פריט/היגד מקורי": "",
        "מקור": "",
        "קישור": "",
        "גרף":"Default"
    },
    {
        "תחום": "למידה",
        "מאפיין": "תקשורת",
        "התנהגות / עמדות / ידע": "עמדות",
        "סעיף / היגד על": "",
        "פריט/היגד מקורי": "",
        "מקור": "",
        "קישור": "",
        "גרף":"Default"
    },
    {
        "תחום": "למידה",
        "מאפיין": "תקשורת",
        "התנהגות / עמדות / ידע": "ידע",
        "סעיף / היגד על": "",
        "פריט/היגד מקורי": "",
        "מקור": "",
        "קישור": "",
        "גרף":"Default"
    },
    {
        "תחום": "למידה",
        "מאפיין": "עריכת עסקאות",
        "התנהגות / עמדות / ידע": "התנהגות",
        "סעיף / היגד על": "",
        "פריט/היגד מקורי": "",
        "מקור": "",
        "קישור": "",
        "גרף":"Default"
    },
    {
        "תחום": "למידה",
        "מאפיין": "עריכת עסקאות",
        "התנהגות / עמדות / ידע": "עמדות",
        "סעיף / היגד על": "",
        "פריט/היגד מקורי": "",
        "מקור": "",
        "קישור": "",
        "גרף":"Default"
    },
    {
        "תחום": "למידה",
        "מאפיין": "עריכת עסקאות",
        "התנהגות / עמדות / ידע": "ידע",
        "סעיף / היגד על": "",
        "פריט/היגד מקורי": "",
        "מקור": "",
        "קישור": "",
        "גרף":"Default"
    },
    {
        "תחום": "למידה",
        "מאפיין": "פתרון בעיות",
        "התנהגות / עמדות / ידע": "התנהגות",
        "סעיף / היגד על": "",
        "פריט/היגד מקורי": "",
        "מקור": "",
        "קישור": "",
        "גרף":"Default"
    },
    {
        "תחום": "למידה",
        "מאפיין": "פתרון בעיות",
        "התנהגות / עמדות / ידע": "עמדות",
        "סעיף / היגד על": "שימוש באינטרנט מסייע בשיפור מיומנויות וכישורים",
        "פריט/היגד מקורי": "I can use the Internet to improve my skills and ability to do new things",
        "מקור": "UK Cunsumer Index",
        "קישור": "https://www.lloydsbank.com/consumer-digital-index.html",
        "גרף":"pie"
    },
    {
        "תחום": "למידה",
        "מאפיין": "פתרון בעיות",
        "התנהגות / עמדות / ידע": "ידע",
        "סעיף / היגד על": "",
        "פריט/היגד מקורי": "",
        "מקור": "",
        "קישור": "",
        "גרף":"Default"
    },
    {
        "תחום": "למידה",
        "מאפיין": "כללי",
        "התנהגות / עמדות / ידע": "התנהגות",
        "סעיף / היגד על": "תדירות השימוש באינטרנט לצרכי למידה מקוונת",
        "פריט/היגד מקורי": "Have you conducted any of the following learning activities over the internet for educational, professional or private purposes in the last 3 months?[ Doing an online course, Using online learning material other than a complete online course, Communicating with educators or learners using audio or video online tools]",
        "מקור": "ICT Development Index",
        "קישור": "https://www.itu.int/itu-d/reports/statistics/idi2023/",
        "גרף":"bar"
    },
    {
        "תחום": "למידה",
        "מאפיין": "כללי",
        "התנהגות / עמדות / ידע": "עמדות",
        "סעיף / היגד על": "החיבור לאינטרנט מסייע בלמידה של מיומנויות חדשות",
        "פריט/היגד מקורי": "Being online has helped me to learn a new skill [Strongly disagree-Strongly agree]",
        "מקור": "OFCOM",
        "קישור": "OFCOM",
        "גרף":"pie"
    },
    {
        "תחום": "למידה",
        "מאפיין":  "כללי",
        "התנהגות / עמדות / ידע": "ידע",
        "סעיף / היגד על": "",
        "פריט/היגד מקורי": "",
        "מקור": "",
        "קישור": "",
        "גרף":"Default"
    },
    {
        "תחום": "למידה",
        "מאפיין":  "בינה מלאכותית",
        "התנהגות / עמדות / ידע": "התנהגות",
        "סעיף / היגד על": "",
        "פריט/היגד מקורי": "",
        "מקור": "",
        "קישור": "",
        "גרף":"Default"
    },
    {
        "תחום": "למידה",
        "מאפיין":  "בינה מלאכותית",
        "התנהגות / עמדות / ידע": "עמדות",
        "סעיף / היגד על": "",
        "פריט/היגד מקורי": "",
        "מקור": "",
        "קישור": "",
        "גרף":"Default"
    },
    {
        "תחום": "למידה",
        "מאפיין":  "בינה מלאכותית",
        "התנהגות / עמדות / ידע": "ידע",
        "סעיף / היגד על": "",
        "פריט/היגד מקורי": "",
        "מקור": "",
        "קישור": "",
        "גרף":"Default"
    },
    
    {
        "תחום": "מיצוי זכויות",
        "מאפיין": "ניהול מידע",
        "התנהגות / עמדות / ידע": "התנהגות",
        "סעיף / היגד על": "מידת השימוש בשירותים ממשלתיים מקוונים",
        "פריט/היגד מקורי": "Talking now about GOVERNMENT information and services, have you done any of the following in the past year? Did you do this offline, online or have you done it both offline and online?[No, Yes, only Offline Yes, only Online Yes, both offline and online, Don’t know] [Get information about local council services, Pay for a local council tax, fine (such as parking fines), rent or service, Get information about Central Government services, such as benefits, taxes, a driving licence or passport, Pay for a central government tax,(such as income tax), or car’s tax disc, Get information about schools or education, Look for information about an MP, local councillor, political party or candidate, Get information about government policy on issues such as transport or the environment , Look on government websites for information on how to stay safe online]",
        "מקור": "Oxford Internet Surveys (OxIS) ",
        "קישור": "OxIS Questionnaire 2019",
        "גרף":"scatter"
    },
    {
        "תחום": "מיצוי זכויות",
        "מאפיין":  "ניהול מידע",
        "התנהגות / עמדות / ידע": "עמדות",
        "סעיף / היגד על": "",
        "פריט/היגד מקורי": "",
        "מקור": "",
        "קישור": "",
        "גרף":"Default"
    },
    {
        "תחום": "מיצוי זכויות",
        "מאפיין":  "ניהול מידע",
        "התנהגות / עמדות / ידע": "ידע",
        "סעיף / היגד על": "",
        "פריט/היגד מקורי": "",
        "מקור": "",
        "קישור": "",
        "גרף":"Default"
    },
    {
        "תחום": "מיצוי זכויות",
        "מאפיין":  "תקשורת",
        "התנהגות / עמדות / ידע": "התנהגות",
        "סעיף / היגד על": "",
        "פריט/היגד מקורי": "",
        "מקור": "",
        "קישור": "",
        "גרף":"Default"
    },
    {
        "תחום": "מיצוי זכויות",
        "מאפיין":  "תקשורת",
        "התנהגות / עמדות / ידע": "עמדות",
        "סעיף / היגד על": "",
        "פריט/היגד מקורי": "",
        "מקור": "",
        "קישור": "",
        "גרף":"Default"
    },
    {
        "תחום": "מיצוי זכויות",
        "מאפיין":  "תקשורת",
        "התנהגות / עמדות / ידע": "ידע",
        "סעיף / היגד על": "",
        "פריט/היגד מקורי": "",
        "מקור": "",
        "קישור": "",
        "גרף":"Default"
    },
    {
        "תחום": "מיצוי זכויות",
        "מאפיין":  "עריכת עסקאות",
        "התנהגות / עמדות / ידע": "התנהגות",
        "סעיף / היגד על": "",
        "פריט/היגד מקורי": "",
        "מקור": "",
        "קישור": "",
        "גרף":"Default"
    },
    {
        "תחום": "מיצוי זכויות",
        "מאפיין":  "עריכת עסקאות",
        "התנהגות / עמדות / ידע": "עמדות",
        "סעיף / היגד על": "",
        "פריט/היגד מקורי": "",
        "מקור": "",
        "קישור": "",
        "גרף":"Default"
    },
    {
        "תחום": "מיצוי זכויות",
        "מאפיין":  "עריכת עסקאות",
        "התנהגות / עמדות / ידע": "ידע",
        "סעיף / היגד על": "",
        "פריט/היגד מקורי": "",
        "מקור": "",
        "קישור": "",
        "גרף":"Default"
    },
    {
        "תחום": "מיצוי זכויות",
        "מאפיין":  "פתרון בעיות",
        "התנהגות / עמדות / ידע": "התנהגות",
        "סעיף / היגד על": "",
        "פריט/היגד מקורי": "",
        "מקור": "",
        "קישור": "",
        "גרף":"Default"
    },
    {
        "תחום": "מיצוי זכויות",
        "מאפיין":  "פתרון בעיות",
        "התנהגות / עמדות / ידע": "עמדות",
        "סעיף / היגד על": "",
        "פריט/היגד מקורי": "",
        "מקור": "",
        "קישור": "",
        "גרף":"Default"
    },
    {
        "תחום": "מיצוי זכויות",
        "מאפיין":  "פתרון בעיות",
        "התנהגות / עמדות / ידע": "ידע",
        "סעיף / היגד על": "",
        "פריט/היגד מקורי": "",
        "מקור": "",
        "קישור": "",
        "גרף":"Default"
    },
    {
        "תחום": "מיצוי זכויות",
        "מאפיין":  "כללי",
        "התנהגות / עמדות / ידע": "התנהגות",
        "סעיף / היגד על": "",
        "פריט/היגד מקורי": "",
        "מקור": "",
        "קישור": "",
        "גרף":"Default"
    },
    {
        "תחום": "מיצוי זכויות",
        "מאפיין":  "כללי",
        "התנהגות / עמדות / ידע": "עמדות",
        "סעיף / היגד על": "",
        "פריט/היגד מקורי": "",
        "מקור": "",
        "קישור": "",
        "גרף":"Default"
    },
    {
        "תחום": "מיצוי זכויות",
        "מאפיין":  "כללי",
        "התנהגות / עמדות / ידע": "ידע",
        "סעיף / היגד על": "",
        "פריט/היגד מקורי": "",
        "מקור": "",
        "קישור": "",
        "גרף":"Default"
    },
    {
        "תחום": "מיצוי זכויות",
        "מאפיין":  "בינה מלאכותית",
        "התנהגות / עמדות / ידע": "התנהגות",
        "סעיף / היגד על": "",
        "פריט/היגד מקורי": "",
        "מקור": "",
        "קישור": "",
        "גרף":"Default"
    },
    {
        "תחום": "מיצוי זכויות",
        "מאפיין":  "בינה מלאכותית",
        "התנהגות / עמדות / ידע": "עמדות",
        "סעיף / היגד על": "",
        "פריט/היגד מקורי": "",
        "מקור": "",
        "קישור": "",
        "גרף":"Default"
    },

    {
        "תחום": "מיצוי זכויות",
        "מאפיין":  "בינה מלאכותית",
        "התנהגות / עמדות / ידע": "ידע",
        "סעיף / היגד על": "",
        "פריט/היגד מקורי": "",
        "מקור": "",
        "קישור": "",
        "גרף":"Default"
    },
    {
        "תחום": "חברה ותקשורת",
        "מאפיין":  "ניהול מידע",
        "התנהגות / עמדות / ידע": "התנהגות",
        "סעיף / היגד על": "",
        "פריט/היגד מקורי": "",
        "מקור": "",
        "קישור": "",
        "גרף":"Default"
    },
    {
        "תחום": "חברה ותקשורת",
        "מאפיין":  "ניהול מידע",
        "התנהגות / עמדות / ידע": "עמדות",
        "סעיף / היגד על": "",
        "פריט/היגד מקורי": "",
        "מקור": "",
        "קישור": "",
        "גרף":"Default"
    },
    {
        "תחום": "חברה ותקשורת",
        "מאפיין":  "ניהול מידע",
        "התנהגות / עמדות / ידע": "ידע",
        "סעיף / היגד על": "",
        "פריט/היגד מקורי": "",
        "מקור": "",
        "קישור": "",
        "גרף":"Default"
    },
    {
        "תחום": "חברה ותקשורת",
        "מאפיין": "תקשורת",
        "התנהגות / עמדות / ידע": "התנהגות",
        "סעיף / היגד על": "יכולת לקיים תקשורת באמצעים מקוונים כגון אפליקציות ומייל",
        "פריט/היגד מקורי": "I can communicate with others digitally using email and other messaging Apps, I can make and receive video calls, I can share files or links with others by attaching to an email, uploading to a website or an application, I can post messages, photographs, videos or blogs on social media platforms",
        "מקור": "UK Cunsumer Index",
        "קישור": "https://www.lloydsbank.com/consumer-digital-index.html",
        "גרף":"bar"
    },
   
    {
        "תחום": "חברה ותקשורת",
        "מאפיין": "תקשורת",
        "התנהגות / עמדות / ידע": "התנהגות",
        "סעיף / היגד על": "תדירות השימוש באינטרנט לצורך פעילויות חברתיות",
        "פריט/היגד מקורי": "In the past 6 months, have you done any of the following social activities using the internet? [Yes, No][Interacted with people or content that made you feel connected to a community, Kept in touch with family or friends, Made new friends or reconnected with old friends, Engaged with a club, organisation, or group you found online] ",
        "מקור": "Australian Digital Inclusion Index",
        "קישור": "Australian Internet Usage Survey",
        "גרף":"bar"
    },
    {
        "תחום": "חברה ותקשורת",
        "מאפיין":  "תקשורת",
        "התנהגות / עמדות / ידע": "עמדות",
        "סעיף / היגד על": "",
        "פריט/היגד מקורי": "",
        "מקור": "",
        "קישור": "",
        "גרף":"Default"
    },
    {
        "תחום": "חברה ותקשורת",
        "מאפיין":  "תקשורת",
        "התנהגות / עמדות / ידע": "ידע",
        "סעיף / היגד על": "",
        "פריט/היגד מקורי": "",
        "מקור": "",
        "קישור": "",
        "גרף":"Default"
    },
    {
        "תחום": "חברה ותקשורת",
        "מאפיין":  "עריכת עסקאות",
        "התנהגות / עמדות / ידע": "התנהגות",
        "סעיף / היגד על": "",
        "פריט/היגד מקורי": "",
        "מקור": "",
        "קישור": "",
        "גרף":"Default"
    },
    {
        "תחום": "חברה ותקשורת",
        "מאפיין":  "עריכת עסקאות",
        "התנהגות / עמדות / ידע": "עמדות",
        "סעיף / היגד על": "",
        "פריט/היגד מקורי": "",
        "מקור": "",
        "קישור": "",
        "גרף":"Default"
    },
    {
        "תחום": "חברה ותקשורת",
        "מאפיין":  "עריכת עסקאות",
        "התנהגות / עמדות / ידע": "ידע",
        "סעיף / היגד על": "",
        "פריט/היגד מקורי": "",
        "מקור": "",
        "קישור": "",
        "גרף":"Default"
    },
    {
        "תחום": "חברה ותקשורת",
        "מאפיין": "פתרון בעיות",
        "התנהגות / עמדות / ידע": "התנהגות",
        "סעיף / היגד על": "מידת היכולת לאתר מידע באינטרנט לצורך פתרון בעיה",
        "פריט/היגד מקורי": "Thinking about your online activities (on the Internet or mobile phones) in the last three months , please indicate whether you have done these and whether you were successful (i.e. did you learn something) [This did not happen, I did do this but I didn’t learn anything, I did do this and I learned something, I’m not sure, I don’t understand this question]  [I looked up information online to answer a question I had ,I came across opinions that differed from my own (e.g. in newspapers, on discussion boards, social media)]",
        "מקור": "Digital Skills to Tangible Outcomes (DiSTO)",
        "קישור": "DiSTO Project",
        "גרף":"scatter"
    },
    {
        "תחום": "חברה ותקשורת",
        "מאפיין":  "פתרון בעיות",
        "התנהגות / עמדות / ידע": "עמדות",
        "סעיף / היגד על": "",
        "פריט/היגד מקורי": "",
        "מקור": "",
        "קישור": "",
        "גרף":"Default"
    },
    {
        "תחום": "חברה ותקשורת",
        "מאפיין":  "פתרון בעיות",
        "התנהגות / עמדות / ידע": "ידע",
        "סעיף / היגד על": "",
        "פריט/היגד מקורי": "",
        "מקור": "",
        "קישור": "",
        "גרף":"Default"
    },
    {
        "תחום": "חברה ותקשורת",
        "מאפיין": "כללי",
        "התנהגות / עמדות / ידע": "התנהגות",
        "סעיף / היגד על": "תדירות השימוש ברשתות החברתיות",
        "פריט/היגד מקורי": "Thinking about all of the social media you use, how often do you? [Many times a day-Never, Don't know] [Post on social media, for example Instagram or Facebook, Post pictures or videos you,yourself,took, Comment on someone else's content, Re-post, retweet or share links, news, videos or other content originally posted by others, Get news or information, Like, react to or promote content that other people post, Comment on a political or social issue]",
        "מקור": "Oxford Internet Surveys (OxIS) ",
        "קישור": "OxIS Questionnaire 2019",
        "גרף":"scatter"
    },
    {
        "תחום": "חברה ותקשורת",
        "מאפיין":  "כללי",
        "התנהגות / עמדות / ידע": "עמדות",
        "סעיף / היגד על": "",
        "פריט/היגד מקורי": "",
        "מקור": "",
        "קישור": "",
        "גרף":"Default"
    },
    {
        "תחום": "חברה ותקשורת",
        "מאפיין":  "כללי",
        "התנהגות / עמדות / ידע": "ידע",
        "סעיף / היגד על": "",
        "פריט/היגד מקורי": "",
        "מקור": "",
        "קישור": "",
        "גרף":"Default"
    },
    {
        "תחום": "חברה ותקשורת",
        "מאפיין":  "בינה מלאכותית",
        "התנהגות / עמדות / ידע": "התנהגות",
        "סעיף / היגד על": "",
        "פריט/היגד מקורי": "",
        "מקור": "",
        "קישור": "",
        "גרף":"Default"
    },
    {
        "תחום": "חברה ותקשורת",
        "מאפיין":  "בינה מלאכותית",
        "התנהגות / עמדות / ידע": "עמדות",
        "סעיף / היגד על": "",
        "פריט/היגד מקורי": "",
        "מקור": "",
        "קישור": "",
        "גרף":"Default"
    },
    {
        "תחום": "חברה ותקשורת",
        "מאפיין":  "בינה מלאכותית",
        "התנהגות / עמדות / ידע": "ידע",
        "סעיף / היגד על": "",
        "פריט/היגד מקורי": "",
        "מקור": "",
        "קישור": "",
        "גרף":"Default"
    },
    {
        "תחום": "צרכנות",
        "מאפיין": "ניהול מידע",
        "התנהגות / עמדות / ידע": "התנהגות",
        "סעיף / היגד על": "יכולת לבצע רכישות באינטרנט\nיכולת להגדיר חשבון מקוון לרכישות מקוונות",
        "פריט/היגד מקורי": "I can buy goods/services online using online payments, I can set up an account online that enables me to buy goods or services",
        "מקור": "UK Cunsumer Index",
        "קישור": "https://www.lloydsbank.com/consumer-digital-index.html",
        "גרף":"pie"
    },
    {
        "תחום": "צרכנות",
        "מאפיין":  "ניהול מידע",
        "התנהגות / עמדות / ידע": "עמדות",
        "סעיף / היגד על": "",
        "פריט/היגד מקורי": "",
        "מקור": "",
        "קישור": "",
        "גרף":"Default"
    },
    {
        "תחום": "צרכנות",
        "מאפיין":  "ניהול מידע",
        "התנהגות / עמדות / ידע": "ידע",
        "סעיף / היגד על": "",
        "פריט/היגד מקורי": "",
        "מקור": "",
        "קישור": "",
        "גרף":"Default"
    },
    {
        "תחום": "צרכנות",
        "מאפיין":  "תקשורת",
        "התנהגות / עמדות / ידע": "התנהגות",
        "סעיף / היגד על": "",
        "פריט/היגד מקורי": "",
        "מקור": "",
        "קישור": "",
        "גרף":"Default"
    },
    {
        "תחום": "צרכנות",
        "מאפיין":  "תקשורת",
        "התנהגות / עמדות / ידע": "עמדות",
        "סעיף / היגד על": "",
        "פריט/היגד מקורי": "",
        "מקור": "",
        "קישור": "",
        "גרף":"Default"
    },
    {
        "תחום": "צרכנות",
        "מאפיין":  "תקשורת",
        "התנהגות / עמדות / ידע": "ידע",
        "סעיף / היגד על": "",
        "פריט/היגד מקורי": "",
        "מקור": "",
        "קישור": "",
        "גרף":"Default"
    },
    
    {
        "תחום": "צרכנות",
        "מאפיין": "עריכת עסקאות",
        "התנהגות / עמדות / ידע": "התנהגות",
        "סעיף / היגד על": "תדירות רכישה/מועד רכישה אחרון באינטרנט",
        "פריט/היגד מקורי": "When did you last buy or order goods or services for private use over the internet? [ Within the last months,Between months and a year ago,More than year ago,Never bought or ordered over the internet]",
        "מקור": "ICT Development Index",
        "קישור": "https://www.itu.int/itu-d/reports/statistics/idi2023/",
        "גרף":"bar"
    },
    {
        "תחום": "צרכנות",
        "מאפיין":  "עריכת עסקאות",
        "התנהגות / עמדות / ידע": "עמדות",
        "סעיף / היגד על": "",
        "פריט/היגד מקורי": "",
        "מקור": "",
        "קישור": "",
        "גרף":"Default"
    },
    {
        "תחום": "צרכנות",
        "מאפיין":  "עריכת עסקאות",
        "התנהגות / עמדות / ידע": "ידע",
        "סעיף / היגד על": "",
        "פריט/היגד מקורי": "",
        "מקור": "",
        "קישור": "",
        "גרף":"Default"
    },
    {
        "תחום": "צרכנות",
        "מאפיין":  "פתרון בעיות",
        "התנהגות / עמדות / ידע": "התנהגות",
        "סעיף / היגד על": "",
        "פריט/היגד מקורי": "",
        "מקור": "",
        "קישור": "",
        "גרף":"Default"
    },
    {
        "תחום": "צרכנות",
        "מאפיין":  "פתרון בעיות",
        "התנהגות / עמדות / ידע": "עמדות",
        "סעיף / היגד על": "",
        "פריט/היגד מקורי": "",
        "מקור": "",
        "קישור": "",
        "גרף":"Default"
    },
    {
        "תחום": "צרכנות",
        "מאפיין":  "פתרון בעיות",
        "התנהגות / עמדות / ידע": "ידע",
        "סעיף / היגד על": "",
        "פריט/היגד מקורי": "",
        "מקור": "",
        "קישור": "",
        "גרף":"Default"
    },

    {
        "תחום": "צרכנות",
        "מאפיין": "כללי",
        "התנהגות / עמדות / ידע": "התנהגות",
        "סעיף / היגד על": "פילוח השימוש באינטרנט לפעילות צרכנית אישית ",
        "פריט/היגד מקורי": "I’d like you to think about different COMMERCIAL transactions people do in their everyday lives like banking or shopping. Within the last year, how often have you gone online for the following purposes? [Many times a day, Daily, Weekly, Monthly, Less than monthly, Never, DK][Buying a product online, Paying bills, Using your bank’s online services, Comparing products or prices online, Ordering groceries or food online, Selling things online]",
        "מקור": "Oxford Internet Surveys (OxIS) ",
        "קישור": "OxIS Questionnaire 2019",
        "גרף":"scatter"
    },
    {
        "תחום": "צרכנות",
        "מאפיין":  "כללי",
        "התנהגות / עמדות / ידע": "עמדות",
        "סעיף / היגד על": "",
        "פריט/היגד מקורי": "",
        "מקור": "",
        "קישור": "",
        "גרף":"Default"
    },
    {
        "תחום": "צרכנות",
        "מאפיין":  "כללי",
        "התנהגות / עמדות / ידע": "ידע",
        "סעיף / היגד על": "",
        "פריט/היגד מקורי": "",
        "מקור": "",
        "קישור": "",
        "גרף":"Default"
    },
    {
        "תחום": "צרכנות",
        "מאפיין":  "בינה מלאכותית",
        "התנהגות / עמדות / ידע": "התנהגות",
        "סעיף / היגד על": "",
        "פריט/היגד מקורי": "",
        "מקור": "",
        "קישור": "",
        "גרף":"Default"
    },
    {
        "תחום": "צרכנות",
        "מאפיין":  "בינה מלאכותית",
        "התנהגות / עמדות / ידע": "עמדות",
        "סעיף / היגד על": "",
        "פריט/היגד מקורי": "",
        "מקור": "",
        "קישור": "",
        "גרף":"Default"
    },
    {
        "תחום": "צרכנות",
        "מאפיין":  "בינה מלאכותית",
        "התנהגות / עמדות / ידע": "ידע",
        "סעיף / היגד על": "",
        "פריט/היגד מקורי": "",
        "מקור": "",
        "קישור": "",
        "גרף":"Default"
    },
    {
        "תחום": "בטיחות וביטחון",
        "מאפיין":  "ניהול מידע",
        "התנהגות / עמדות / ידע": "התנהגות",
        "סעיף / היגד על": "",
        "פריט/היגד מקורי": "",
        "מקור": "",
        "קישור": "",
        "גרף":"Default"
    },
    {
        "תחום": "בטיחות וביטחון",
        "מאפיין":  "ניהול מידע",
        "התנהגות / עמדות / ידע": "עמדות",
        "סעיף / היגד על": "",
        "פריט/היגד מקורי": "",
        "מקור": "",
        "קישור": "",
        "גרף":"Default"
    },
    {
        "תחום": "בטיחות וביטחון",
        "מאפיין":  "ניהול מידע",
        "התנהגות / עמדות / ידע": "ידע",
        "סעיף / היגד על": "",
        "פריט/היגד מקורי": "",
        "מקור": "",
        "קישור": "",
        "גרף":"Default"
    },
    {
        "תחום": "בטיחות וביטחון",
        "מאפיין":  "תקשורת",
        "התנהגות / עמדות / ידע": "התנהגות",
        "סעיף / היגד על": "",
        "פריט/היגד מקורי": "",
        "מקור": "",
        "קישור": "",
        "גרף":"Default"
    },
    {
        "תחום": "בטיחות וביטחון",
        "מאפיין": "תקשורת",
        "התנהגות / עמדות / ידע": "עמדות",
        "סעיף / היגד על": "מידת תחושת הביטחון ברשת",
        "פריט/היגד מקורי": "I worry about whether something I say online could cause me problems in the future [Strongly disagree-Strongly agree]",
        "מקור": "OFCOM",
        "קישור": "OFCOM",
        "גרף":"bar"
    },
    {
        "תחום": "בטיחות וביטחון",
        "מאפיין": "תקשורת",
        "התנהגות / עמדות / ידע": "עמדות",
        "סעיף / היגד על": "מידת האמון בתכנים מקוונים- חדשות",
        "פריט/היגד מקורי": "When you see a news story or article on these types of sites or apps do you ever think about whether it is truthful or accurate?[Yes- all or most of the time... I don't see news stories or articles] ",
        "מקור": "OFCOM",
        "קישור": "OFCOM",
        "גרף":"bar"
    },
    {
        "תחום": "בטיחות וביטחון",
        "מאפיין": "תקשורת",
        "התנהגות / עמדות / ידע": "עמדות",
        "סעיף / היגד על": "מידת האמון בתכנים מקוונים- מידע מהרשתות החברתיות",
        "פריט/היגד מקורי": "Thinking now about the leaders of social media companies… How much do you trust that leaders of social media companies will… [A great deal, Some, Very little, Not at all, Not sure, No answer] [Publicly admit mistakes and take responsibility when they misuse or compromise users’ personal data, Be held accountable by the government if they misuse or compromise users’ personal data, Not sell users’ personal data to others without their consent] ",
        "מקור": "Pew Research Center’s American Trends Panel ",
        "קישור": "Pew Research Center",
        "גרף":"scatter"
    },
    {
        "תחום": "בטיחות וביטחון",
        "מאפיין": "תקשורת",
        "התנהגות / עמדות / ידע": "ידע",
        "סעיף / היגד על": "יכולת לזהות מידע אמין ברשת",
        "פריט/היגד מקורי": "I can recognise what information or content online may, or may not, be trustworthy, I can be careful with what I share online as I know that online activity produces a permanent record that can be accessed by others",
        "מקור": "UK Cunsumer Index",
        "קישור": "https://www.lloydsbank.com/consumer-digital-index.html",
        "גרף":"pie"
    },
    {
        "תחום": "בטיחות וביטחון",
        "מאפיין":  "עריכת עסקאות",
        "התנהגות / עמדות / ידע": "התנהגות",
        "סעיף / היגד על": "",
        "פריט/היגד מקורי": "",
        "מקור": "",
        "קישור": "",
        "גרף":"Default"
    },
    {
        "תחום": "בטיחות וביטחון",
        "מאפיין":  "עריכת עסקאות",
        "התנהגות / עמדות / ידע": "עמדות",
        "סעיף / היגד על": "",
        "פריט/היגד מקורי": "",
        "מקור": "",
        "קישור": "",
        "גרף":"Default"
    },
    {
        "תחום": "בטיחות וביטחון",
        "מאפיין":  "עריכת עסקאות",
        "התנהגות / עמדות / ידע": "ידע",
        "סעיף / היגד על": "",
        "פריט/היגד מקורי": "",
        "מקור": "",
        "קישור": "",
        "גרף":"Default"
    },
    {
        "תחום": "בטיחות וביטחון",
        "מאפיין":  "פתרון בעיות",
        "התנהגות / עמדות / ידע": "התנהגות",
        "סעיף / היגד על": "",
        "פריט/היגד מקורי": "",
        "מקור": "",
        "קישור": "",
        "גרף":"Default"
    },
    {
        "תחום": "בטיחות וביטחון",
        "מאפיין":  "פתרון בעיות",
        "התנהגות / עמדות / ידע": "עמדות",
        "סעיף / היגד על": "",
        "פריט/היגד מקורי": "",
        "מקור": "",
        "קישור": "",
        "גרף":"Default"
    },
    {
        "תחום": "בטיחות וביטחון",
        "מאפיין":  "פתרון בעיות",
        "התנהגות / עמדות / ידע": "ידע",
        "סעיף / היגד על": "",
        "פריט/היגד מקורי": "",
        "מקור": "",
        "קישור": "",
        "גרף":"Default"
    },
    {
        "תחום": "בטיחות וביטחון",
        "מאפיין":  "כללי",
        "התנהגות / עמדות / ידע": "התנהגות",
        "סעיף / היגד על": "",
        "פריט/היגד מקורי": "",
        "מקור": "",
        "קישור": "",
        "גרף":"Default"
    },
    {
        "תחום": "בטיחות וביטחון",
        "מאפיין": "כללי",
        "התנהגות / עמדות / ידע": "עמדות",
        "סעיף / היגד על": "מידת הביטחון בחברות להן סופק מידע אישי באופן מקוון",
        "פריט/היגד מקורי": "Thinking about the INFORMATION you are sometimes asked to put online , how COMFORTABLE are you in providing the following types of information online? [Not comfortable at all, not comfortable, fairly comfortable, very comfortable, Don’t know] [Your postal address, Your age, Your phone number, Your credit or debit card number, A picture where your face is clearly visible]",
        "מקור": "Oxford Internet Surveys (OxIS) ",
        "קישור": "OxIS Questionnaire 2019",
        "גרף":"scatter"
    },
    {
        "תחום": "בטיחות וביטחון",
        "מאפיין": "כללי",
        "התנהגות / עמדות / ידע": "ידע",
        "סעיף / היגד על": "ידע לגבי אופי ההתנהלות של פלטפורמות מקוונות",
        "פריט/היגד מקורי": "How do you think search engine websites as Google or Bing/ sites or apps loke YouTube or TikTok, are mainly funded? [The TV licence fee... Haven't heard of it]",
        "מקור": "UK Cunsumer Index",
        "קישור": "https://www.lloydsbank.com/consumer-digital-index.html",
        "גרף":"bar"
    },
    {
        "תחום": "בטיחות וביטחון",
        "מאפיין":  "בינה מלאכותית",
        "התנהגות / עמדות / ידע": "התנהגות",
        "סעיף / היגד על": "",
        "פריט/היגד מקורי": "",
        "מקור": "",
        "קישור": "",
        "גרף":"Default"
    },
    {
        "תחום": "בטיחות וביטחון",
        "מאפיין": "בינה מלאכותית",
        "התנהגות / עמדות / ידע": "עמדות",
        "סעיף / היגד על": "מידת הביטחון במידע שנאסף באופן מקוון על ידי בינה מלאכותית",
        "פריט/היגד מקורי": "As companies use AI to collect and analyze personal details and information, do you think this information will be used in ways… [Definitely will happen, Probably will happen, Probably will not happen, Definitely will not happen, Not sure, No answer][People would not be comfortable with, That were not originally intended, That could make people’s lives easier]; How much do you trust companies to make responsible decisions about how they use AI in their products? [A great deal, Some, Very little, Not at all, Not sure, No answer] ",
        "מקור": "Pew Research Center’s American Trends Panel ",
        "קישור": "Pew Research Center",
        "גרף":"scatter"
    },
    {
        "תחום": "בטיחות וביטחון",
        "מאפיין":  "בינה מלאכותית",
        "התנהגות / עמדות / ידע": "ידע",
        "סעיף / היגד על": "",
        "פריט/היגד מקורי": "",
        "מקור": "",
        "קישור": "",
        "גרף":"Default"
    },
    {
        "תחום": "כללי",
        "מאפיין": "ניהול מידע",
        "התנהגות / עמדות / ידע": "התנהגות",
        "סעיף / היגד על": "יכולת חיפוש במנועי חיפוש ופלטפורמות מקוונות",
        "פריט/היגד מקורי": "I can use search engines to find information I’m looking for",
        "מקור": "UK Cunsumer Index",
        "קישור": "UK_ consumer index",
        "גרף":"pie"
    },
    {
        "תחום": "כללי",
        "מאפיין":  "ניהול מידע",
        "התנהגות / עמדות / ידע": "עמדות",
        "סעיף / היגד על": "",
        "פריט/היגד מקורי": "",
        "מקור": "",
        "קישור": "",
        "גרף":"Default"
    },
    {
        "תחום": "כללי",
        "מאפיין":  "ניהול מידע",
        "התנהגות / עמדות / ידע": "ידע",
        "סעיף / היגד על": "",
        "פריט/היגד מקורי": "",
        "מקור": "",
        "קישור": "",
        "גרף":"Default"
    },
    {
        "תחום": "כללי",
        "מאפיין": "תקשורת",
        "התנהגות / עמדות / ידע": "התנהגות",
        "סעיף / היגד על": "שימוש ברשתות החברתיות ",
        "פריט/היגד מקורי": "Which if any of these social media apps/sites do you use?",
        "מקור": "OFCOM",
        "קישור": "OFCOM",
        "גרף":"bar"
    },
    {
        "תחום": "כללי",
        "מאפיין": "תקשורת",
        "התנהגות / עמדות / ידע": "התנהגות",
        "סעיף / היגד על": "תדירות השימוש באינטרנט בחיתוך לפי פלטפורמות",
        "פריט/היגד מקורי": "Please think about the time you spend on your smartphone, desktop, laptop or tablet and about activities like social media, messaging, or email. Overall, what best describes how often you go online? [Almost constantly,Many times a day, About once a day, Several times a week, Less often, Don’t know]",
        "מקור": "Oxford Internet Surveys (OxIS) ",
        "קישור": "OxIS Questionnaire 2019",
        "גרף":"bar"
    },
    {
        "תחום": "כללי",
        "מאפיין":  "תקשורת",
        "התנהגות / עמדות / ידע": "עמדות",
        "סעיף / היגד על": "",
        "פריט/היגד מקורי": "",
        "מקור": "",
        "קישור": "",
        "גרף":"Default"
    },
    {
        "תחום": "כללי",
        "מאפיין":  "תקשורת",
        "התנהגות / עמדות / ידע": "ידע",
        "סעיף / היגד על": "",
        "פריט/היגד מקורי": "",
        "מקור": "",
        "קישור": "",
        "גרף":"Default"
    },
    {
        "תחום": "כללי",
        "מאפיין": "עריכת עסקאות",
        "התנהגות / עמדות / ידע": "התנהגות",
        "סעיף / היגד על": "אופי השימוש בפלטפורמות מקווות (אחסון קבצים, התקנת אפליקציות וכדו')",
        "פריט/היגד מקורי": "Thinking about your online activities in the last three months , please indicate whether you have done these and whether you were successful (i.e. you managed to buy or pay something or found out about a benefit)? [I didn't do this, I did do this but was unsuccessful, I did do this and was successful, I am not sure, I don't understand the question, Doesn't apply to me] [I tried to buy products or services online , I tried to pay bills online, I used the internet/mobile phone to find out if I can claim a certain benefit or grant]",
        "מקור": "Digital Skills to Tangible Outcomes (DiSTO)",
        "קישור": "DiSTO Project",
        "גרף":"scatter"
    },
    {
        "תחום": "כללי",
        "מאפיין":  "עריכת עסקאות",
        "התנהגות / עמדות / ידע": "עמדות",
        "סעיף / היגד על": "",
        "פריט/היגד מקורי": "",
        "מקור": "",
        "קישור": "",
        "גרף":"Default"
    },
    {
        "תחום": "כללי",
        "מאפיין":  "עריכת עסקאות",
        "התנהגות / עמדות / ידע": "ידע",
        "סעיף / היגד על": "",
        "פריט/היגד מקורי": "",
        "מקור": "",
        "קישור": "",
        "גרף":"Default"
    },
    {
        "תחום": "כללי",
        "מאפיין":  "פתרון בעיות",
        "התנהגות / עמדות / ידע": "התנהגות",
        "סעיף / היגד על": "",
        "פריט/היגד מקורי": "",
        "מקור": "",
        "קישור": "",
        "גרף":"Default"
    },
    {
        "תחום": "כללי",
        "מאפיין":  "פתרון בעיות",
        "התנהגות / עמדות / ידע": "עמדות",
        "סעיף / היגד על": "",
        "פריט/היגד מקורי": "",
        "מקור": "",
        "קישור": "",
        "גרף":"Default"
    },
    {
        "תחום": "כללי",
        "מאפיין": "פתרון בעיות",
        "התנהגות / עמדות / ידע": "ידע",
        "סעיף / היגד על": "יכולת לחפש מידע באינטנרט לצורך פתרון בעיות",
        "פריט/היגד מקורי": "I can use the Internet to find information that helps me solve problems",
        "מקור": "UK Cunsumer Index",
        "קישור": "https://www.lloydsbank.com/consumer-digital-index.html",
        "גרף":"pie"
    },
    {
        "תחום": "כללי",
        "מאפיין":  "כללי",
        "התנהגות / עמדות / ידע": "התנהגות",
        "סעיף / היגד על": "",
        "פריט/היגד מקורי": "",
        "מקור": "",
        "קישור": "",
        "גרף":"Default"
    },
    {
        "תחום": "כללי",
        "מאפיין":  "כללי",
        "התנהגות / עמדות / ידע": "עמדות",
        "סעיף / היגד על": "",
        "פריט/היגד מקורי": "",
        "מקור": "",
        "קישור": "",
        "גרף":"Default"
    },
    
    {
        "תחום": "כללי",
        "מאפיין": "כללי",
        "התנהגות / עמדות / ידע": "ידע",
        "סעיף / היגד על": "גישה ביתית לאינטרנט",
        "פריט/היגד מקורי": "Do you or does anyone in your household have access to the internet at home? [I have access to the internet and use it at home, I have access to the internet, but I don't use it at home, I do not have internet access at home]",
        "מקור": "OFCOM",
        "קישור": "OFCOM",
        "גרף":"bar"
    },
    {
        "תחום": "כללי",
        "מאפיין": "בינה מלאכותית",
        "התנהגות / עמדות / ידע": "התנהגות",
        "סעיף / היגד על": "מידת השימוש היומיומי בבינה מלאכותית",
        "פריט/היגד מקורי": "In the past month, to what extent have you chosen to use AI in your day-to-day life? [A lot, A little, Not at all]",
        "מקור": "Office for National Statistics (ONS) UK ",
        "קישור": "ONS UK survey AI 2023",
        "גרף":"bar"
    },
    {
        "תחום": "כללי",
        "מאפיין":  "בינה מלאכותית",
        "התנהגות / עמדות / ידע": "עמדות",
        "סעיף / היגד על": "",
        "פריט/היגד מקורי": "",
        "מקור": "",
        "קישור": "",
        "גרף":"Default"
    },
    {
        "תחום": "כללי",
        "מאפיין": "בינה מלאכותית",
        "התנהגות / עמדות / ידע": "ידע",
        "סעיף / היגד על": "מידת ההיכרות עם כלי בינה מלאכותית ",
        "פריט/היגד מקורי": "Have you ever heared of the term Artificial Intelligence (AI)? [I have never heared of AI, I have heared of AI but could not explain what it is, I have heared of AI and could give a partial explanation of what it is, I have heared of AI and could explain what it is in detail]",
        "מקור": "Office for National Statistics (ONS) UK ",
        "קישור": "ONS UK survey AI 2023",
        "גרף":"bar"
    }
]