[
    {
        "תחום": "תעסוקה",
        "מאפיין": "ניהול מידע",
        "התנהגות / עמדות / ידע": "התנהגות",
        "סעיף / היגד על": "מציאת עבודה באמצעות האינטרנט",
        "פריט/היגד מקורי": "Have you ever successfully found a JOB through the Internet?",
        "תשובות אפשריות":"[כן, לא, לא יודע]",
        "מקור": "Oxford Internet Surveys (OxIS) ",
        "קישור": "OxIS Questionnaire 2019",
        "גרף":"bar"
    },
    {
        "תחום": "תעסוקה",
        "מאפיין": "ניהול מידע",
        "התנהגות / עמדות / ידע": "עמדות",
        "סעיף / היגד על": "NAN",
        "פריט/היגד מקורי": "NAN",
        "תשובות אפשריות":"[]",
        "מקור": "NAN",
        "קישור": "NAN",
        "גרף":"Default"
    },
    {
        "תחום": "תעסוקה",
        "מאפיין": "ניהול מידע",
        "התנהגות / עמדות / ידע": "ידע",
        "סעיף / היגד על": "רמת הידע והמיומנות בניהול מידע דיגיטלי בענן בעבודה",
        "פריט/היגד מקורי": "I can securely access, synchronise and share information at work across different devices",
        "תשובות אפשריות":"[כן, לא]",
        "מקור": "UK Cunsumer Index",
        "קישור": "https://www.lloydsbank.com/consumer-digital-index.html",
        "גרף":"pie"
    },
    {
        "תחום": "תעסוקה",
        "מאפיין": "תקשורת",
        "התנהגות / עמדות / ידע": "התנהגות",
        "סעיף / היגד על": "יכולת לנהל פרופיל ברשת לצורך תעסוקה ויכולת להתנהל בכלים דיגיטליים במקום העבודה",
        "פריט/היגד מקורי": "I can communicate in the workplace digitally using messaging applications, I can set up and manage an account on a professional online network/community/job site, \nI can use workplace digital tools to create, share and collaborate with colleagues",
        "תשובות אפשריות":"[כן, לא, לא יודע]",
        "מקור": "UK Cunsumer Index",
        "קישור": "https://www.lloydsbank.com/consumer-digital-index.html",
        "גרף": "bar"
    },
    {
        "תחום": "תעסוקה",
        "מאפיין": "תקשורת",
        "התנהגות / עמדות / ידע": "עמדות",
        "סעיף / היגד על": "NAN",
        "פריט/היגד מקורי": "NAN",
        "תשובות אפשריות":"[]",
        "מקור": "NAN",
        "קישור": "NAN",
        "גרף":"Default"
    },
    {
        "תחום": "תעסוקה",
        "מאפיין": "תקשורת",
        "התנהגות / עמדות / ידע": "ידע",
        "סעיף / היגד על": "NAN",
        "פריט/היגד מקורי": "NAN",
        "תשובות אפשריות":"[]",
        "מקור": "NAN",
        "קישור": "NAN",
        "גרף":"Default"
    },
    {
        "תחום": "תעסוקה",
        "מאפיין": "עריכת עסקאות",
        "התנהגות / עמדות / ידע": "התנהגות",
        "סעיף / היגד על": " יכולת להשלים רשומה דיגיטלית ",
        "פריט/היגד מקורי": "I can complete digital records on behalf of, or within my organisation, \nI can access salary and tax information digitally",
        "תשובות אפשריות":"[כן, לא]",
        "מקור": "UK Cunsumer Index",
        "קישור": "https://www.lloydsbank.com/consumer-digital-index.html",
        "גרף":"pie"
    },
    {
        "תחום": "תעסוקה",
        "מאפיין": "עריכת עסקאות",
        "התנהגות / עמדות / ידע": "עמדות",
        "סעיף / היגד על": "NAN",
        "פריט/היגד מקורי": "NAN",
        "תשובות אפשריות":"[]",
        "מקור": "NAN",
        "קישור": "NAN",
        "גרף":"Default"
    },
    {
        "תחום": "תעסוקה",
        "מאפיין": "עריכת עסקאות",
        "התנהגות / עמדות / ידע": "ידע",
        "סעיף / היגד על": "NAN",
        "פריט/היגד מקורי": "NAN",
        "תשובות אפשריות":"[]",
        "מקור": "NAN",
        "קישור": "NAN",
        "גרף":"Default"
    },
    {
        "תחום": "תעסוקה",
        "מאפיין": "פתרון בעיות",
        "התנהגות / עמדות / ידע": "התנהגות",
        "סעיף / היגד על": "NAN",
        "פריט/היגד מקורי": "NAN",
        "תשובות אפשריות":"[]",
        "מקור": "NAN",
        "קישור": "NAN",
        "גרף":"Default"
    },
    {
        "תחום": "תעסוקה",
        "מאפיין": "פתרון בעיות",
        "התנהגות / עמדות / ידע": "עמדות",
        "סעיף / היגד על": "יכולת לשפר תפוקה אישית או ארגונית באמצעות כלים דיגיטלים",
        "פריט/היגד מקורי": "I can improve my skills and ability to do new things at work using online tutorials, learning platforms and how-to guides, I can improve my own and/or the organisation's productivity using digital tools",
        "תשובות אפשריות":"[כן, לא]",
        "מקור": "UK Cunsumer Index",
        "קישור": "https://www.lloydsbank.com/consumer-digital-index.html",
        "גרף":"pie"
    },
    {
        "תחום": "תעסוקה",
        "מאפיין": "פתרון בעיות",
        "התנהגות / עמדות / ידע": "ידע",
        "סעיף / היגד על": "יכולת לאתר מידע באינטרנט לפתרון בעיות בחברה",
        "פריט/היגד מקורי": "",
        "תשובות אפשריות":"[כן ,לא]",
        "מקור": "UK Cunsumer Index",
        "קישור": "https://www.lloydsbank.com/consumer-digital-index.html",
        "גרף":"pie"
    },
    {
        "תחום": "תעסוקה",
        "מאפיין": "כללי",
        "התנהגות / עמדות / ידע": "התנהגות",
        "סעיף / היגד על": "שימוש באינטרנט לצורך יצירת קשר, קידום או שיתוף פעולה עם עמיתים",
        "פריט/היגד מקורי": "Now I’d like you to think about the different things people do online at work. Have you ever used the Internet to…",
        "תשובות אפשריות":"[כן, לא, לא יודע][קידום עצמי או שירות , שיתוף עם קולגות במשימות העבודה, לחבר או לחקור דוחות, מסמכים או מידע אחר]",
        "מקור": "Oxford Internet Surveys (OxIS) ",
        "קישור": "OxIS Questionnaire 2019",
        "גרף":"scatter"
    },
    {
        "תחום": "תעסוקה",
        "מאפיין": "כללי",
        "התנהגות / עמדות / ידע": "עמדות",
        "סעיף / היגד על": "מידת ההתאמה בין הכישורים הדיגיטליים האישיים לכישורים הנדרשים בעבודה",
        "פריט/היגד מקורי": "Thinking about how well your computer and online skills match the requirements of your work, would you say…", 
        "תשובות אפשריות":"[כן, לא, לא יודע] [הכישורים הדיגלטים שלך מתאימים לעבודה הנוכחית שלך, אם היו לך כישורים דיגטלים טובים יותר יכולת לעשות את העבודה באופן טוב יותר, אם היו לך כישורים דיגיטלים טובים יותר היית יכול לקבל עבודה טובה יותר]",
        "מקור": "Oxford Internet Surveys (OxIS) ",
        "קישור": "OxIS Questionnaire 2019",
        "גרף":"scatter"
    },
    {
        "תחום": "תעסוקה",
        "מאפיין": "כללי",
        "התנהגות / עמדות / ידע": "ידע",
        "סעיף / היגד על": "NAN",
        "פריט/היגד מקורי": "NAN",
        "תשובות אפשריות":"[]",
        "מקור": "NAN",
        "קישור": "NAN",
        "גרף":"Default"
    },
    {
        "תחום": "תעסוקה",
        "מאפיין": "בינה מלאכותית",
        "התנהגות / עמדות / ידע": "התנהגות",
        "סעיף / היגד על": "NAN",
        "פריט/היגד מקורי": "NAN",
        "תשובות אפשריות":"[]",
        "מקור": "NAN",
        "קישור": "NAN",
        "גרף":"Default"
    },  
    {
        "תחום": "תעסוקה",
        "מאפיין": "בינה מלאכותית",
        "התנהגות / עמדות / ידע": "עמדות",
        "סעיף / היגד על": "NAN",
        "פריט/היגד מקורי": "NAN",
        "תשובות אפשריות":"[]",
        "מקור": "NAN",
        "קישור": "NAN",
        "גרף":"Default"
    },  
    {
        "תחום": "תעסוקה",
        "מאפיין": "בינה מלאכותית",
        "התנהגות / עמדות / ידע": "ידע",
        "סעיף / היגד על": "NAN",
        "פריט/היגד מקורי": "NAN",
        "תשובות אפשריות":"[]",
        "מקור": "NAN",
        "קישור": "NAN",
        "גרף":"Default"
    },     
    {
        "תחום": "בריאות",
        "מאפיין": "ניהול מידע",
        "התנהגות / עמדות / ידע": "התנהגות",
        "סעיף / היגד על": "חשש מחשיפת דוחות רפואיים אישיים",
        "פריט/היגד מקורי": "",
        "תשובות אפשריות":"[כן, לא]",
        "מקור": "",
        "קישור": "",
        "גרף":"pie"
    },
    {
        "תחום": "בריאות",
        "מאפיין": "ניהול מידע",
        "התנהגות / עמדות / ידע": "עמדות",
        "סעיף / היגד על": "NAN",
        "פריט/היגד מקורי": "NAN",
        "תשובות אפשריות":"[]",
        "מקור": "NAN",
        "קישור": "NAN",
        "גרף":"Default"
    },
    {
        "תחום": "בריאות",
        "מאפיין": "ניהול מידע",
        "התנהגות / עמדות / ידע": "ידע",
        "סעיף / היגד על": "NAN",
        "פריט/היגד מקורי": "NAN",
        "תשובות אפשריות":"[]",
        "מקור": "NAN",
        "קישור": "NAN",
        "גרף":"Default"
    },
    {
        "תחום": "בריאות",
        "מאפיין": "תקשורת",
        "התנהגות / עמדות / ידע": "התנהגות",
        "סעיף / היגד על": "שימוש בתקשורת מקוונת רפואית",
        "פריט/היגד מקורי": "",
        "תשובות אפשריות":"[כן, לא]",
        "מקור": "",
        "קישור": "",
        "גרף":"pie"
    },
    {
        "תחום": "בריאות",
        "מאפיין": "תקשורת",
        "התנהגות / עמדות / ידע": "עמדות",
        "סעיף / היגד על": "NAN",
        "פריט/היגד מקורי": "NAN",
        "תשובות אפשריות":"[]",
        "מקור": "NAN",
        "קישור": "NAN",
        "גרף":"Default"
    },
    {
        "תחום": "בריאות",
        "מאפיין": "תקשורת",
        "התנהגות / עמדות / ידע": "ידע",
        "סעיף / היגד על": "NAN",
        "פריט/היגד מקורי": "NAN",
        "תשובות אפשריות":"[]",
        "מקור": "NAN",
        "קישור": "NAN",
        "גרף":"Default"
    },
    {
        "תחום": "בריאות",
        "מאפיין": "עריכת עסקאות",
        "התנהגות / עמדות / ידע": "התנהגות",
        "סעיף / היגד על": "יכולת מילוי טפסים מקווונים בשירותי הבריאות",
        "פריט/היגד מקורי": "I can fill in forms online to access the services I need",
        "תשובות אפשריות":"[כן, לא]",
        "מקור": "UK Cunsumer Index",
        "קישור": "https://www.lloydsbank.com/consumer-digital-index.html",
        "גרף":"pie"
    },
    {
        "תחום": "בריאות",
        "מאפיין": "עריכת עסקאות",
        "התנהגות / עמדות / ידע": "עמדות",
        "סעיף / היגד על": "NAN",
        "פריט/היגד מקורי": "NAN",
        "תשובות אפשריות":"[]",
        "מקור": "NAN",
        "קישור": "NAN",
        "גרף":"Default"
    },
    {
        "תחום": "בריאות",
        "מאפיין": "עריכת עסקאות",
        "התנהגות / עמדות / ידע": "ידע",
        "סעיף / היגד על": "NAN",
        "פריט/היגד מקורי": "NAN",
        "תשובות אפשריות":"[]",
        "מקור": "NAN",
        "קישור": "NAN",
        "גרף":"Default"
    },
    {
        "תחום": "בריאות",
        "מאפיין":"פתרון בעיות",
        "התנהגות / עמדות / ידע": "התנהגות",
        "סעיף / היגד על": "NAN",
        "פריט/היגד מקורי": "NAN",
        "תשובות אפשריות":"[]",
        "מקור": "NAN",
        "קישור": "NAN",
        "גרף":"Default"
    },
    {
        "תחום": "בריאות",
        "מאפיין": "פתרון בעיות",
        "התנהגות / עמדות / ידע": "עמדות",
        "סעיף / היגד על": "NAN",
        "פריט/היגד מקורי": "NAN",
        "תשובות אפשריות":"[]",
        "מקור": "NAN",
        "קישור": "NAN",
        "גרף":"Default"
    },
    {
        "תחום": "בריאות",
        "מאפיין": "פתרון בעיות",
        "התנהגות / עמדות / ידע": "ידע",
        "סעיף / היגד על": "NAN",
        "פריט/היגד מקורי": "NAN",
        "תשובות אפשריות":"[]",
        "מקור": "NAN",
        "קישור": "NAN",
        "גרף":"Default"
    },
    {
        "תחום": "בריאות",
        "מאפיין": "כללי",
        "התנהגות / עמדות / ידע": "התנהגות",
        "סעיף / היגד על": "ביצוע פעולות בשירותי הבריאות (כמו הזמנת תור) באמצעות האינטרנט",
        "פריט/היגד מקורי": " In the past 6 months, have you done any of the following on the internet?",
        "תשובות אפשריות":"[כן, לא]", 
        "מקור": "Australian Digital Inclusion Index",
        "קישור": "Australian Internet Usage Survey",
        "גרף":"pie"
    },
    {
        "תחום": "בריאות",
        "מאפיין": "כללי",
        "התנהגות / עמדות / ידע": "עמדות",
        "סעיף / היגד על": "NAN",
        "פריט/היגד מקורי": "NAN",
        "תשובות אפשריות":"[]",
        "מקור": "NAN",
        "קישור": "NAN",
        "גרף":"Default"
    },
    {
        "תחום": "בריאות",
        "מאפיין": "כללי",
        "התנהגות / עמדות / ידע": "ידע",
        "סעיף / היגד על": "NAN",
        "פריט/היגד מקורי": "NAN",
        "תשובות אפשריות":"[]",
        "מקור": "NAN",
        "קישור": "NAN",
        "גרף":"Default"
    },
    {
        "תחום": "בריאות",
        "מאפיין": "בינה מלאכותית",
        "התנהגות / עמדות / ידע": "התנהגות",
        "סעיף / היגד על": "NAN",
        "פריט/היגד מקורי": "NAN",
        "תשובות אפשריות":"[]",
        "מקור": "NAN",
        "קישור": "NAN",
        "גרף":"Default"
    },
    {
        "תחום": "בריאות",
        "מאפיין": "בינה מלאכותית",
        "התנהגות / עמדות / ידע": "עמדות",
        "סעיף / היגד על": "NAN",
        "פריט/היגד מקורי": "NAN",
        "תשובות אפשריות":"[]",
        "מקור": "NAN",
        "קישור": "NAN",
        "גרף":"Default"
    },
    {
        "תחום": "בריאות",
        "מאפיין": "בינה מלאכותית",
        "התנהגות / עמדות / ידע": "ידע",
        "סעיף / היגד על": "NAN",
        "פריט/היגד מקורי": "NAN",
        "תשובות אפשריות":"[]",
        "מקור": "NAN",
        "קישור": "NAN",
        "גרף":"Default"
    },
    {
        "תחום": "פיננסים",
        "מאפיין": "ניהול מידע",
        "התנהגות / עמדות / ידע": "התנהגות",
        "סעיף / היגד על": "NAN",
        "פריט/היגד מקורי": "NAN",
        "תשובות אפשריות":"[]",
        "מקור": "NAN",
        "קישור": "NAN",
        "גרף":"Default"
    },
    {
        "תחום": "פיננסים",
        "מאפיין": "ניהול מידע",
        "התנהגות / עמדות / ידע": "עמדות",
        "סעיף / היגד על": "NAN",
        "פריט/היגד מקורי": "NAN",
        "תשובות אפשריות":"[]",
        "מקור": "NAN",
        "קישור": "NAN",
        "גרף":"Default"
    },
    {
        "תחום": "פיננסים",
        "מאפיין": "ניהול מידע",
        "התנהגות / עמדות / ידע": "ידע",
        "סעיף / היגד על": "הכרות עם כלים לניהול מידע פיננסי ברשת",
        "פריט/היגד מקורי": "",
        "תשובות אפשריות":"[מכיר, לא מכיר]",
        "מקור": "",
        "קישור": "",
        "גרף":"Pie"

    },
    {
        "תחום": "פיננסים",
        "מאפיין": "תקשורת",
        "התנהגות / עמדות / ידע": "התנהגות",
        "סעיף / היגד על": "NAN",
        "פריט/היגד מקורי": "NAN",
        "תשובות אפשריות":"[]",
        "מקור": "NAN",
        "קישור": "NAN",
        "גרף":"Default"
    },
    {
        "תחום": "פיננסים",
        "מאפיין": "תקשורת",
        "התנהגות / עמדות / ידע": "עמדות",
        "סעיף / היגד על": "NAN",
        "פריט/היגד מקורי": "NAN",
        "תשובות אפשריות":"[]",
        "מקור": "NAN",
        "קישור": "NAN",
        "גרף":"Default"

    },
    {
        "תחום": "פיננסים",
        "מאפיין": "תקשורת",
        "התנהגות / עמדות / ידע": "ידע",
        "סעיף / היגד על": "NAN",
        "פריט/היגד מקורי": "NAN",
        "תשובות אפשריות":"[]",
        "מקור": "NAN",
        "קישור": "NAN",
        "גרף":"Default"
    },
    {
        "תחום": "פיננסים",
        "מאפיין": "עריכת עסקאות",
        "התנהגות / עמדות / ידע": "התנהגות",
        "סעיף / היגד על": "יכולת לנהל כספים ועסקאות באינטרנט",
        "פריט/היגד מקורי": "I can manage my money and transactions online",
        "תשובות אפשריות":"[יכול, לא יכול]",
        "מקור": "UK Cunsumer Index",
        "קישור": "https://www.lloydsbank.com/consumer-digital-index.html",
        "גרף":"pie"
    },
    {
        "תחום": "פיננסים",
        "מאפיין": "עריכת עסקאות",
        "התנהגות / עמדות / ידע": "עמדות",
        "סעיף / היגד על": "NAN",
        "פריט/היגד מקורי": "NAN",
        "תשובות אפשריות":"[]",
        "מקור": "NAN",
        "קישור": "NAN",
        "גרף":"Default"
    },
    {
        "תחום": "פיננסים",
        "מאפיין": "עריכת עסקאות",
        "התנהגות / עמדות / ידע": "ידע",
        "סעיף / היגד על": "NAN",
        "פריט/היגד מקורי": "NAN",
        "תשובות אפשריות":"[]",
        "מקור": "NAN",
        "קישור": "NAN",
        "גרף":"Default"
    },
    {
        "תחום": "פיננסים",
        "מאפיין": "פתרון בעיות",
        "התנהגות / עמדות / ידע": "התנהגות",
        "סעיף / היגד על": "שימוש בשירותים דיגיטליים לניהול פיננסי",
        "פריט/היגד מקורי": "ICT: Have you submitted your tax declaration via a website or app for private purpose in the last 12 months?",
        "תשובות אפשריות":"[כן- עשיתי את זה בעצמי, לא- זה נעשה אוטומטית, לא- זה נשלח ידנית, לא-מישהו אחר עשה זאת בשמי, לא- מסיבות אחרות]",
        "מקור": "Australian Digital Inclusion Index",
        "קישור": "Australian Internet Usage Survey",
        "גרף":"scatter"
    },
    {
        "תחום": "פיננסים",
        "מאפיין": "פתרון בעיות",
        "התנהגות / עמדות / ידע": "עמדות",
        "סעיף / היגד על": "NAN",
        "פריט/היגד מקורי": "NAN",
        "תשובות אפשריות":"[]",
        "מקור": "NAN",
        "קישור": "NAN",
        "גרף":"Default"
    },
    {
        "תחום": "פיננסים",
        "מאפיין": "פתרון בעיות",
        "התנהגות / עמדות / ידע": "ידע",
        "סעיף / היגד על": "NAN",
        "פריט/היגד מקורי": "NAN",
        "תשובות אפשריות":"[]",
        "מקור": "NAN",
        "קישור": "NAN",
        "גרף":"Default"
    },
    {
        "תחום": "פיננסים",
        "מאפיין": "כללי",
        "התנהגות / עמדות / ידע": "התנהגות",
        "סעיף / היגד על": "NAN",
        "פריט/היגד מקורי": "NAN",
        "תשובות אפשריות":"[]",
        "מקור": "NAN",
        "קישור": "NAN",
        "גרף":"Default"
    },
    {
        "תחום": "פיננסים",
        "מאפיין": "כללי",
        "התנהגות / עמדות / ידע": "עמדות",
        "סעיף / היגד על": "אופן השימוש בכלים מקוונים לניהול פיננסים",
        "פריט/היגד מקורי": "To what degree do you personally agree or disagree with each of the following statements about using the Internet to help manage your fices?",
        "תשובות אפשריות":"[ניהול הכסף באינטרנט, ניהול הכסף באתרים ואפליקציות, השקעות באמצעות האינטרנט]",
        "מקור": "UK Cunsumer Index",
        "קישור": "https://www.lloydsbank.com/consumer-digital-index.html"
    },
    {
        "תחום": "פיננסים",
        "מאפיין": "כללי",
        "התנהגות / עמדות / ידע": "ידע",
        "סעיף / היגד על": "NAN",
        "פריט/היגד מקורי": "NAN",
        "תשובות אפשריות":"[]",
        "מקור": "NAN",
        "קישור": "NAN",
        "גרף":"Default"
    },
    {
        "תחום": "פיננסים",
        "מאפיין": "בינה מלאכותית",
        "התנהגות / עמדות / ידע": "התנהגות",
        "סעיף / היגד על": "NAN",
        "פריט/היגד מקורי": "NAN",
        "תשובות אפשריות":"[]",
        "מקור": "NAN",
        "קישור": "NAN",
        "גרף":"Default"
    },
    {
        "תחום": "פיננסים",
        "מאפיין": "בינה מלאכותית",
        "התנהגות / עמדות / ידע": "עמדות",
        "סעיף / היגד על": "NAN",
        "פריט/היגד מקורי": "NAN",
        "תשובות אפשריות":"[]",
        "מקור": "NAN",
        "קישור": "NAN",
        "גרף":"Default"
    },
    {
        "תחום": "פיננסים",
        "מאפיין": "בינה מלאכותית",
        "התנהגות / עמדות / ידע": "ידע",
        "סעיף / היגד על": "NAN",
        "פריט/היגד מקורי": "NAN",
        "תשובות אפשריות":"[]",
        "מקור": "NAN",
        "קישור": "NAN",
        "גרף":"Default"
    },
    {
        "תחום": "פנאי ובידור",
        "מאפיין": "ניהול מידע",
        "התנהגות / עמדות / ידע": "התנהגות",
        "סעיף / היגד על": "יכולת גישה לתוכן בידור באינטרנט",
        "פריט/היגד מקורי": "I can use the Internet to stream or download entertainment content",
        "תשובות אפשריות":"[יכול ,לא יכול]",
        "מקור": "UK Cunsumer Index",
        "קישור": "https://www.lloydsbank.com/consumer-digital-index.html",
        "גרף":"pie"
    },
    {
        "תחום": "פנאי ובידור",
        "מאפיין": "ניהול מידע",
        "התנהגות / עמדות / ידע": "עמדות",
        "סעיף / היגד על": "NAN",
        "פריט/היגד מקורי": "NAN",
        "תשובות אפשריות":"[]",
        "מקור": "NAN",
        "קישור": "NAN",
        "גרף":"Default"
    },
    {
        "תחום": "פנאי ובידור",
        "מאפיין": "ניהול מידע",
        "התנהגות / עמדות / ידע": "ידע",
        "סעיף / היגד על": "יכולת גישה לתוכן בידור באינטרנט",
        "פריט/היגד מקורי": "I can use the Internet to stream or download entertainment content",
        "תשובות אפשריות":"[יכול, לא יכול]",
        "מקור": "UK Cunsumer Index",
        "קישור": "https://www.lloydsbank.com/consumer-digital-index.html",
        "גרף":"pie"
    },
    {
        "תחום": "פנאי ובידור",
        "מאפיין": "תקשורת",
        "התנהגות / עמדות / ידע": "התנהגות",
        "סעיף / היגד על": "מידת השימוש באתרי מדיה/רשתות חברתית ",
        "פריט/היגד מקורי": "Do you ever use social media sites like Facebook, Twitter, or Instagram?",
        "תשובות אפשריות":"[משתמש, לא משתמש]",
        "מקור": "Pew Research Center’s American Trends Panel ",
        "קישור": "Pew Research Center",
        "גרף":"pie"
    },
    {
        "תחום": "פנאי ובידור",
        "מאפיין": "תקשורת",
        "התנהגות / עמדות / ידע": "עמדות",
        "סעיף / היגד על": "NAN",
        "פריט/היגד מקורי": "NAN",
        "תשובות אפשריות":"[]",
        "מקור": "NAN",
        "קישור": "NAN",
        "גרף":"Default"
    },
    {
        "תחום": "פנאי ובידור",
        "מאפיין": "תקשורת",
        "התנהגות / עמדות / ידע": "ידע",
        "סעיף / היגד על": "NAN",
        "פריט/היגד מקורי": "NAN",
        "תשובות אפשריות":"[]",
        "מקור": "NAN",
        "קישור": "NAN",
        "גרף":"Default"
    }, 
    {
        "תחום": "פנאי ובידור",
        "מאפיין": "עריכת עסקאות",
        "התנהגות / עמדות / ידע": "התנהגות",
        "סעיף / היגד על": "NAN",
        "פריט/היגד מקורי": "NAN",
        "תשובות אפשריות":"[]",
        "מקור": "NAN",
        "קישור": "NAN",
        "גרף":"Default"
    },
    {
        "תחום": "פנאי ובידור",
        "מאפיין": "עריכת עסקאות",
        "התנהגות / עמדות / ידע": "עמדות",
        "סעיף / היגד על": "NAN",
        "פריט/היגד מקורי": "NAN",
        "תשובות אפשריות":"[]",
        "מקור": "NAN",
        "קישור": "NAN",
        "גרף":"Default"
    },
    {
        "תחום": "פנאי ובידור",
        "מאפיין": "עריכת עסקאות",
        "התנהגות / עמדות / ידע": "ידע",
        "סעיף / היגד על": "NAN",
        "פריט/היגד מקורי": "NAN",
        "תשובות אפשריות":"[]",
        "מקור": "NAN",
        "קישור": "NAN",
        "גרף":"Default"
    },
    {
        "תחום": "פנאי ובידור",
        "מאפיין": "פתרון בעיות",
        "התנהגות / עמדות / ידע": "התנהגות",
        "סעיף / היגד על": "NAN",
        "פריט/היגד מקורי": "NAN",
        "תשובות אפשריות":"[]",
        "מקור": "NAN",
        "קישור": "NAN",
        "גרף":"Default"
    },
    {
        "תחום": "פנאי ובידור",
        "מאפיין": "פתרון בעיות",
        "התנהגות / עמדות / ידע": "עמדות",
        "סעיף / היגד על": "NAN",
        "פריט/היגד מקורי": "NAN",
        "תשובות אפשריות":"[]",
        "מקור": "NAN",
        "קישור": "NAN",
        "גרף":"Default"
    },
    {
        "תחום": "פנאי ובידור",
        "מאפיין": "פתרון בעיות",
        "התנהגות / עמדות / ידע": "ידע",
        "סעיף / היגד על": "NAN",
        "פריט/היגד מקורי": "NAN",
        "תשובות אפשריות":"[]",
        "מקור": "NAN",
        "קישור": "NAN",
        "גרף":"Default"
    },
    {
        "תחום": "פנאי ובידור",
        "מאפיין": "כללי",
        "התנהגות / עמדות / ידע": "התנהגות",
        "סעיף / היגד על": "תדירות השימוש באינטרנט למטרות פנאי ובידור (כגון: האזנה למוסיקה, צפה בסרטים כדו')",
        "פריט/היגד מקורי": "How often do you go online for the following purposes?",
        "תשובות אפשריות":"[יומי, שבועי, חודשי, לעולם לא][משחקים מקוונים עם/נגד משתתפים אחרים, משחקים מקוונים ללא משתתפים אחרים, הורדת מוזיקה, האזנה למוסיקה מקוונת, הורדת סרטונים,צפייה בסרטים/סרטונים מקוונים, צפיה בתמונות באינטרנט, צפייה בסדרות טלוויזיה מקוונות, האזנה לפודקאסט, קריאת ספר אלקטרוני באינטרנט]",
        "מקור": "Oxford Internet Surveys (OxIS) ",
        "קישור": "OxIS Questionnaire 2019",
        "גרף":"scatter"
    },
    {
        "תחום": "פנאי ובידור",
        "מאפיין": "כללי",
        "התנהגות / עמדות / ידע": "עמדות",
        "סעיף / היגד על": "מידת החשיבות של פלטפורמות בידור שונות (טלוויזיה, רדיו וכדו')",
        "פריט/היגד מקורי": "People like different kinds of ENTERTAINMENT. How important is each of the following for your ENTERTAINMENT? ",
         "תשובות אפשריות":"[חיוני,חשוב מאוד, חשובים , לא כל כך חשובים, לא חשובים בכלל, לא יודע] [טלוויזיה, רדיו, בילוי עם אנשים אחרים, אינטרנט]",
        "מקור": "Oxford Internet Surveys (OxIS) ",
        "קישור": "OxIS Questionnaire 2019",
        "גרף":"scatter"
    },
    {
        "תחום": "פנאי ובידור",
        "מאפיין": "כללי",
        "התנהגות / עמדות / ידע": "ידע",
        "סעיף / היגד על": "NAN",
        "פריט/היגד מקורי": "NAN",
        "תשובות אפשריות":"[]",
        "מקור": "NAN",
        "קישור": "NAN",
        "גרף":"Default"
        
    },
    {
        "תחום": "פנאי ובידור",
        "מאפיין": "בינה מלאכותית",
        "התנהגות / עמדות / ידע": "התנהגות",
        "סעיף / היגד על": "NAN",
        "פריט/היגד מקורי": "NAN",
        "תשובות אפשריות":"[]",
        "מקור": "NAN",
        "קישור": "NAN",
        "גרף":"Default"
    },
    {
        "תחום": "פנאי ובידור",
        "מאפיין": "בינה מלאכותית",
        "התנהגות / עמדות / ידע": "עמדות",
        "סעיף / היגד על": "NAN",
        "פריט/היגד מקורי": "NAN",
        "תשובות אפשריות":"[]",
        "מקור": "NAN",
        "קישור": "NAN",
        "גרף":"Default"
    },
    {
        "תחום": "פנאי ובידור",
        "מאפיין": "בינה מלאכותית",
        "התנהגות / עמדות / ידע": "ידע",
        "סעיף / היגד על": "NAN",
        "פריט/היגד מקורי": "NAN",
        "תשובות אפשריות":"[]",
        "מקור": "NAN",
        "קישור": "NAN",
        "גרף":"Default"
    },
    {
        "תחום": "למידה",
        "מאפיין": "ניהול מידע",
        "התנהגות / עמדות / ידע": "התנהגות",
        "סעיף / היגד על": "תדירות השימוש באינטרנט לצרכי למידה (ביצוע פרויקט, מחקר וכדו)",
        "פריט/היגד מקורי": "Some people go online to support their LEARNING in some way, many others do not. How often, if ever, do you go online for the following purposes?", 
        "תשובות אפשריות":"[יומי, שבועי, חודשי, לעולם לא][מציאה או בדיקה של עובדה, השלמת פרוייקט, חקירת נושאים בעלי עיניין אישי, ללמוד איך לעשות משהו בעצמך]",
        "מקור": "Oxford Internet Surveys (OxIS) ",
        "קישור": "OxIS Questionnaire 2019",
        "גרף":"scatter"
    },
    {
        "תחום": "למידה",
        "מאפיין": "ניהול מידע",
        "התנהגות / עמדות / ידע": "עמדות",
        "סעיף / היגד על": "NAN",
        "פריט/היגד מקורי": "NAN",
        "תשובות אפשריות":"[]",
        "מקור": "NAN",
        "קישור": "NAN",
        "גרף":"Default"
    },
    {
        "תחום": "למידה",
        "מאפיין": "ניהול מידע",
        "התנהגות / עמדות / ידע": "ידע",
        "סעיף / היגד על": "NAN",
        "פריט/היגד מקורי": "NAN",
        "תשובות אפשריות":"[]",
        "מקור": "NAN",
        "קישור": "NAN",
        "גרף":"Default"
    },
    {
        "תחום": "למידה",
        "מאפיין": "תקשורת",
        "התנהגות / עמדות / ידע": "התנהגות",
        "סעיף / היגד על": "NAN",
        "פריט/היגד מקורי": "NAN",
        "תשובות אפשריות":"[]",
        "מקור": "NAN",
        "קישור": "NAN",
        "גרף":"Default"
    },
    {
        "תחום": "למידה",
        "מאפיין": "תקשורת",
        "התנהגות / עמדות / ידע": "עמדות",
        "סעיף / היגד על": "NAN",
        "פריט/היגד מקורי": "NAN",
        "תשובות אפשריות":"[]",
        "מקור": "NAN",
        "קישור": "NAN",
        "גרף":"Default"
    },
    {
        "תחום": "למידה",
        "מאפיין": "תקשורת",
        "התנהגות / עמדות / ידע": "ידע",
        "סעיף / היגד על": "NAN",
        "פריט/היגד מקורי": "NAN",
        "תשובות אפשריות":"[]",
        "מקור": "NAN",
        "קישור": "NAN",
        "גרף":"Default"
    },
    {
        "תחום": "למידה",
        "מאפיין": "עריכת עסקאות",
        "התנהגות / עמדות / ידע": "התנהגות",
        "סעיף / היגד על": "NAN",
        "פריט/היגד מקורי": "NAN",
        "תשובות אפשריות":"[]",
        "מקור": "NAN",
        "קישור": "NAN",
        "גרף":"Default"
    },
    {
        "תחום": "למידה",
        "מאפיין": "עריכת עסקאות",
        "התנהגות / עמדות / ידע": "עמדות",
        "סעיף / היגד על": "NAN",
        "פריט/היגד מקורי": "NAN",
        "תשובות אפשריות":"[]",
        "מקור": "NAN",
        "קישור": "NAN",
        "גרף":"Default"
    },
    {
        "תחום": "למידה",
        "מאפיין": "עריכת עסקאות",
        "התנהגות / עמדות / ידע": "ידע",
        "סעיף / היגד על": "NAN",
        "פריט/היגד מקורי": "NAN",
        "תשובות אפשריות":"[]",
        "מקור": "NAN",
        "קישור": "NAN",
        "גרף":"Default"
    },
    {
        "תחום": "למידה",
        "מאפיין": "פתרון בעיות",
        "התנהגות / עמדות / ידע": "התנהגות",
        "סעיף / היגד על": "NAN",
        "פריט/היגד מקורי": "NAN",
        "תשובות אפשריות":"[]",
        "מקור": "NAN",
        "קישור": "NAN",
        "גרף":"Default"
    },
    {
        "תחום": "למידה",
        "מאפיין": "פתרון בעיות",
        "התנהגות / עמדות / ידע": "עמדות",
        "סעיף / היגד על": "שימוש באינטרנט מסייע בשיפור מיומנויות וכישורים",
        "פריט/היגד מקורי": "I can use the Internet to improve my skills and ability to do new things",
        "תשובות אפשריות":"[משתמש, לא משתמש]",
        "מקור": "UK Cunsumer Index",
        "קישור": "https://www.lloydsbank.com/consumer-digital-index.html",
        "גרף":"pie"
    },
    {
        "תחום": "למידה",
        "מאפיין": "פתרון בעיות",
        "התנהגות / עמדות / ידע": "ידע",
        "סעיף / היגד על": "NAN",
        "פריט/היגד מקורי": "NAN",
        "תשובות אפשריות":"[]",
        "מקור": "NAN",
        "קישור": "NAN",
        "גרף":"Default"
    },
    {
        "תחום": "למידה",
        "מאפיין": "כללי",
        "התנהגות / עמדות / ידע": "התנהגות",
        "סעיף / היגד על": "תדירות השימוש באינטרנט לצרכי למידה מקוונת",
        "פריט/היגד מקורי": "Have you conducted any of the following learning activities over the internet for educational, professional or private purposes in the last 3 months?",
        "תשובות אפשריות":"[ביצוע קורס מקוון, שימוש בחומר למידה מקוון, תקשורת באמצעות כלי אודיו מקוונים]",
        "מקור": "ICT Development Index",
        "קישור": "https://www.itu.int/itu-d/reports/statistics/idi2023/",
        "גרף":"bar"
    },
    {
        "תחום": "למידה",
        "מאפיין": "כללי",
        "התנהגות / עמדות / ידע": "עמדות",
        "סעיף / היגד על": "החיבור לאינטרנט מסייע בלמידה של מיומנויות חדשות",
        "פריט/היגד מקורי": "Being online has helped me to learn a new skill",
        "תשובות אפשריות":"[מסכים, לא מסכים]",
        "מקור": "OFCOM",
        "קישור": "OFCOM",
        "גרף":"pie"
    },
    {
        "תחום": "למידה",
        "מאפיין":  "כללי",
        "התנהגות / עמדות / ידע": "ידע",
        "סעיף / היגד על": "NAN",
        "פריט/היגד מקורי": "NAN",
        "תשובות אפשריות":"[]",
        "מקור": "NAN",
        "קישור": "NAN",
        "גרף":"Default"
    },
    {
        "תחום": "למידה",
        "מאפיין":  "בינה מלאכותית",
        "התנהגות / עמדות / ידע": "התנהגות",
        "סעיף / היגד על": "NAN",
        "פריט/היגד מקורי": "NAN",
        "תשובות אפשריות":"[]",
        "מקור": "NAN",
        "קישור": "NAN",
        "גרף":"Default"
    },
    {
        "תחום": "למידה",
        "מאפיין":  "בינה מלאכותית",
        "התנהגות / עמדות / ידע": "עמדות",
        "סעיף / היגד על": "NAN",
        "פריט/היגד מקורי": "NAN",
        "תשובות אפשריות":"[]",
        "מקור": "NAN",
        "קישור": "NAN",
        "גרף":"Default"
    },
    {
        "תחום": "למידה",
        "מאפיין":  "בינה מלאכותית",
        "התנהגות / עמדות / ידע": "ידע",
        "סעיף / היגד על": "NAN",
        "פריט/היגד מקורי": "NAN",
        "תשובות אפשריות":"[]",
        "מקור": "NAN",
        "קישור": "NAN",
        "גרף":"Default"
    },
    
    {
        "תחום": "מיצוי זכויות",
        "מאפיין": "ניהול מידע",
        "התנהגות / עמדות / ידע": "התנהגות",
        "סעיף / היגד על": "מידת השימוש בשירותים ממשלתיים מקוונים",
        "פריט/היגד מקורי": "Talking now about GOVERNMENT information and services, have you done any of the following in the past year? Did you do this offline, online or have you done it both offline and online?",
        "תשובות אפשריות":"[משתמש באופן מקוון, לא משתמש, משתמש למחצה, לא יודע][לקבל מידע על שירותי מועצה, תשלום מס, תשלומי קנסות, תשלומי שכר דירה, קבלת מידע על שירותים ממשלתיים, קבלת מידע על בתי ספר וחינוך,חיפוש מידע על חבר ממשלה, קבלת מידע על מדיניות ממשלתית, חיפוש באתרים ממשלתיים]",
        "מקור": "Oxford Internet Surveys (OxIS) ",
        "קישור": "OxIS Questionnaire 2019",
        "גרף":"scatter"
    },
    {
        "תחום": "מיצוי זכויות",
        "מאפיין":  "ניהול מידע",
        "התנהגות / עמדות / ידע": "עמדות",
        "סעיף / היגד על": "NAN",
        "פריט/היגד מקורי": "NAN",
        "תשובות אפשריות":"[]",
        "מקור": "NAN",
        "קישור": "NAN",
        "גרף":"Default"
    },
    {
        "תחום": "מיצוי זכויות",
        "מאפיין":  "ניהול מידע",
        "התנהגות / עמדות / ידע": "ידע",
        "סעיף / היגד על": "NAN",
        "פריט/היגד מקורי": "NAN",
        "תשובות אפשריות":"[]",
        "מקור": "NAN",
        "קישור": "NAN",
        "גרף":"Default"
    },
    {
        "תחום": "מיצוי זכויות",
        "מאפיין":  "תקשורת",
        "התנהגות / עמדות / ידע": "התנהגות",
        "סעיף / היגד על": "NAN",
        "פריט/היגד מקורי": "NAN",
        "תשובות אפשריות":"[]",
        "מקור": "NAN",
        "קישור": "NAN",
        "גרף":"Default"
    },
    {
        "תחום": "מיצוי זכויות",
        "מאפיין":  "תקשורת",
        "התנהגות / עמדות / ידע": "עמדות",
        "סעיף / היגד על": "NAN",
        "פריט/היגד מקורי": "NAN",
        "תשובות אפשריות":"[]",
        "מקור": "NAN",
        "קישור": "NAN",
        "גרף":"Default"
    },
    {
        "תחום": "מיצוי זכויות",
        "מאפיין":  "תקשורת",
        "התנהגות / עמדות / ידע": "ידע",
        "סעיף / היגד על": "NAN",
        "פריט/היגד מקורי": "NAN",
        "תשובות אפשריות":"[]",
        "מקור": "NAN",
        "קישור": "NAN",
        "גרף":"Default"
    },
    {
        "תחום": "מיצוי זכויות",
        "מאפיין":  "עריכת עסקאות",
        "התנהגות / עמדות / ידע": "התנהגות",
        "סעיף / היגד על": "NAN",
        "פריט/היגד מקורי": "NAN",
        "תשובות אפשריות":"[]",
        "מקור": "NAN",
        "קישור": "NAN",
        "גרף":"Default"
    },
    {
        "תחום": "מיצוי זכויות",
        "מאפיין":  "עריכת עסקאות",
        "התנהגות / עמדות / ידע": "עמדות",
        "סעיף / היגד על": "NAN",
        "פריט/היגד מקורי": "NAN",
        "תשובות אפשריות":"[]",
        "מקור": "NAN",
        "קישור": "NAN",
        "גרף":"Default"
    },
    {
        "תחום": "מיצוי זכויות",
        "מאפיין":  "עריכת עסקאות",
        "התנהגות / עמדות / ידע": "ידע",
        "סעיף / היגד על": "NAN",
        "פריט/היגד מקורי": "NAN",
        "תשובות אפשריות":"[]",
        "מקור": "NAN",
        "קישור": "NAN",
        "גרף":"Default"
    },
    {
        "תחום": "מיצוי זכויות",
        "מאפיין":  "פתרון בעיות",
        "התנהגות / עמדות / ידע": "התנהגות",
        "סעיף / היגד על": "NAN",
        "פריט/היגד מקורי": "NAN",
        "תשובות אפשריות":"[]",
        "מקור": "NAN",
        "קישור": "NAN",
        "גרף":"Default"
    },
    {
        "תחום": "מיצוי זכויות",
        "מאפיין":  "פתרון בעיות",
        "התנהגות / עמדות / ידע": "עמדות",
        "סעיף / היגד על": "NAN",
        "פריט/היגד מקורי": "NAN",
        "תשובות אפשריות":"[]",
        "מקור": "NAN",
        "קישור": "NAN",
        "גרף":"Default"
    },
    {
        "תחום": "מיצוי זכויות",
        "מאפיין":  "פתרון בעיות",
        "התנהגות / עמדות / ידע": "ידע",
        "סעיף / היגד על": "NAN",
        "פריט/היגד מקורי": "NAN",
        "תשובות אפשריות":"[]",
        "מקור": "NAN",
        "קישור": "NAN",
        "גרף":"Default"
    },
    {
        "תחום": "מיצוי זכויות",
        "מאפיין":  "כללי",
        "התנהגות / עמדות / ידע": "התנהגות",
        "סעיף / היגד על": "NAN",
        "פריט/היגד מקורי": "NAN",
        "תשובות אפשריות":"[]",
        "מקור": "NAN",
        "קישור": "NAN",
        "גרף":"Default"
    },
    {
        "תחום": "מיצוי זכויות",
        "מאפיין":  "כללי",
        "התנהגות / עמדות / ידע": "עמדות",
        "סעיף / היגד על": "NAN",
        "פריט/היגד מקורי": "NAN",
        "תשובות אפשריות":"[]",
        "מקור": "NAN",
        "קישור": "NAN",
        "גרף":"Default"
    },
    {
        "תחום": "מיצוי זכויות",
        "מאפיין":  "כללי",
        "התנהגות / עמדות / ידע": "ידע",
        "סעיף / היגד על": "NAN",
        "פריט/היגד מקורי": "NAN",
        "תשובות אפשריות":"[]",
        "מקור": "NAN",
        "קישור": "NAN",
        "גרף":"Default"
    },
    {
        "תחום": "מיצוי זכויות",
        "מאפיין":  "בינה מלאכותית",
        "התנהגות / עמדות / ידע": "התנהגות",
        "סעיף / היגד על": "NAN",
        "פריט/היגד מקורי": "NAN",
        "תשובות אפשריות":"[]",
        "מקור": "NAN",
        "קישור": "NAN",
        "גרף":"Default"
    },
    {
        "תחום": "מיצוי זכויות",
        "מאפיין":  "בינה מלאכותית",
        "התנהגות / עמדות / ידע": "עמדות",
        "סעיף / היגד על": "NAN",
        "פריט/היגד מקורי": "NAN",
        "תשובות אפשריות":"[]",
        "מקור": "NAN",
        "קישור": "NAN",
        "גרף":"Default"
    },

    {
        "תחום": "מיצוי זכויות",
        "מאפיין":  "בינה מלאכותית",
        "התנהגות / עמדות / ידע": "ידע",
        "סעיף / היגד על": "NAN",
        "פריט/היגד מקורי": "NAN",
        "תשובות אפשריות":"[]",
        "מקור": "NAN",
        "קישור": "NAN",
        "גרף":"Default"
    },
    {
        "תחום": "חברה ותקשורת",
        "מאפיין":  "ניהול מידע",
        "התנהגות / עמדות / ידע": "התנהגות",
        "סעיף / היגד על": "NAN",
        "פריט/היגד מקורי": "NAN",
        "תשובות אפשריות":"[]",
        "מקור": "NAN",
        "קישור": "NAN",
        "גרף":"Default"
    },
    {
        "תחום": "חברה ותקשורת",
        "מאפיין":  "ניהול מידע",
        "התנהגות / עמדות / ידע": "עמדות",
        "סעיף / היגד על": "NAN",
        "פריט/היגד מקורי": "NAN",
        "תשובות אפשריות":"[]",
        "מקור": "NAN",
        "קישור": "NAN",
        "גרף":"Default"
    },
    {
        "תחום": "חברה ותקשורת",
        "מאפיין":  "ניהול מידע",
        "התנהגות / עמדות / ידע": "ידע",
        "סעיף / היגד על": "NAN",
        "פריט/היגד מקורי": "NAN",
        "תשובות אפשריות":"[]",
        "מקור": "NAN",
        "קישור": "NAN",
        "גרף":"Default"
    },
    {
        "תחום": "חברה ותקשורת",
        "מאפיין": "תקשורת",
        "התנהגות / עמדות / ידע": "התנהגות",
        "סעיף / היגד על": "יכולת לקיים תקשורת באמצעים מקוונים ",
        "פריט/היגד מקורי": "I can communicate with others digitally using email and other messaging Apps, I can make and receive video calls, I can share files or links with others by attaching to an email, uploading to a website or an application, I can post messages, photographs, videos or blogs on social media platforms",
        "תשובות אפשריות":"[אימייל ואפלקציות להעברת הודעות, ביצוע וקבלת שיחות וידאו, שיתוף קבצים דרך המייל, העלאת תוכן לאפליקציה, פרסום  במדיה חברתית]",
        "מקור": "UK Cunsumer Index",
        "קישור": "https://www.lloydsbank.com/consumer-digital-index.html",
        "גרף":"bar"
    },
   
    {
        "תחום": "חברה ותקשורת",
        "מאפיין": "תקשורת",
        "התנהגות / עמדות / ידע": "התנהגות",
        "סעיף / היגד על": "תדירות השימוש באינטרנט לצורך פעילויות חברתיות",
        "פריט/היגד מקורי": "In the past 6 months, have you done any of the following social activities using the internet?",
        "תשובות אפשריות":"[כן, לא][חשיפה לתוכן שגרם לך להרגיש מחובר לקהילה, שמירה על קשר עם מקרוביך, היכרות עם אנשים חדשים או התחברות מחדש עם מכרים ותיקים, מעורב בקהילה חברתית שמצאת באינטרנט]",
        "קישור": "Australian Internet Usage Survey",
        "גרף":"scatter"
    },
    {
        "תחום": "חברה ותקשורת",
        "מאפיין":  "תקשורת",
        "התנהגות / עמדות / ידע": "עמדות",
        "סעיף / היגד על": "NAN",
        "פריט/היגד מקורי": "NAN",
        "תשובות אפשריות":"[]",
        "מקור": "NAN",
        "קישור": "NAN",
        "גרף":"Default"
    },
    {
        "תחום": "חברה ותקשורת",
        "מאפיין":  "תקשורת",
        "התנהגות / עמדות / ידע": "ידע",
        "סעיף / היגד על": "NAN",
        "פריט/היגד מקורי": "NAN",
        "תשובות אפשריות":"[]",
        "מקור": "NAN",
        "קישור": "NAN",
        "גרף":"Default"
    },
    {
        "תחום": "חברה ותקשורת",
        "מאפיין":  "עריכת עסקאות",
        "התנהגות / עמדות / ידע": "התנהגות",
        "סעיף / היגד על": "NAN",
        "פריט/היגד מקורי": "NAN",
        "תשובות אפשריות":"[]",
        "מקור": "NAN",
        "קישור": "NAN",
        "גרף":"Default"
    },
    {
        "תחום": "חברה ותקשורת",
        "מאפיין":  "עריכת עסקאות",
        "התנהגות / עמדות / ידע": "עמדות",
        "סעיף / היגד על": "NAN",
        "פריט/היגד מקורי": "NAN",
        "תשובות אפשריות":"[]",
        "מקור": "NAN",
        "קישור": "NAN",
        "גרף":"Default"
    },
    {
        "תחום": "חברה ותקשורת",
        "מאפיין":  "עריכת עסקאות",
        "התנהגות / עמדות / ידע": "ידע",
        "סעיף / היגד על": "NAN",
        "פריט/היגד מקורי": "NAN",
        "תשובות אפשריות":"[]",
        "מקור": "NAN",
        "קישור": "NAN",
        "גרף":"Default"
    },
    {
        "תחום": "חברה ותקשורת",
        "מאפיין": "פתרון בעיות",
        "התנהגות / עמדות / ידע": "התנהגות",
        "סעיף / היגד על": "מידת היכולת לאתר מידע באינטרנט לצורך פתרון בעיה",
        "פריט/היגד מקורי": "Thinking about your online activities (on the Internet or mobile phones) in the last three months , please indicate whether you have done these and whether you were successful (i.e. did you learn something)",
        "תשובות אפשריות":"[לא ניסיתי, ניסיתי ולא למדתי דבר, ניסיתי ולמדתי משהו חדש, אני לא בטוח, אני לא מבין את השאלה][חיפוש מידע באינטרנט כדי לענות על שאלה, נתקלתי בדעות ששונות משלי]",
        "מקור": "Digital Skills to Tangible Outcomes (DiSTO)",
        "קישור": "DiSTO Project",
        "גרף":"scatter"
    },
    {
        "תחום": "חברה ותקשורת",
        "מאפיין":  "פתרון בעיות",
        "התנהגות / עמדות / ידע": "עמדות",
        "סעיף / היגד על": "NAN",
        "פריט/היגד מקורי": "NAN",
        "תשובות אפשריות":"[]",
        "מקור": "NAN",
        "קישור": "NAN",
        "גרף":"Default"
    },
    {
        "תחום": "חברה ותקשורת",
        "מאפיין":  "פתרון בעיות",
        "התנהגות / עמדות / ידע": "ידע",
        "סעיף / היגד על": "NAN",
        "פריט/היגד מקורי": "NAN",
        "תשובות אפשריות":"[]",
        "מקור": "NAN",
        "קישור": "NAN",
        "גרף":"Default"
    },
    {
        "תחום": "חברה ותקשורת",
        "מאפיין": "כללי",
        "התנהגות / עמדות / ידע": "התנהגות",
        "סעיף / היגד על": "תדירות השימוש ברשתות החברתיות",
        "פריט/היגד מקורי": "Thinking about all of the social media you use, how often do you?",
        "תשובות אפשריות":"[יומי, שבועי, חודשי, לעולם לא][שיתוף דעה פוליטית ,פרסום ברשתות חברתיות, פרסום מדיה, פרסום תגובה , שיתוף קישורים, קבלת חדשות ומידע, ביצוע לייק , קידום תוכן]", 
        "מקור": "Oxford Internet Surveys (OxIS) ",
        "קישור": "OxIS Questionnaire 2019",
        "גרף":"scatter"
    },
    {
        "תחום": "חברה ותקשורת",
        "מאפיין":  "כללי",
        "התנהגות / עמדות / ידע": "עמדות",
        "סעיף / היגד על": "NAN",
        "פריט/היגד מקורי": "NAN",
        "תשובות אפשריות":"[]",
        "מקור": "NAN",
        "קישור": "NAN",
        "גרף":"Default"
    },
    {
        "תחום": "חברה ותקשורת",
        "מאפיין":  "כללי",
        "התנהגות / עמדות / ידע": "ידע",
        "סעיף / היגד על": "NAN",
        "פריט/היגד מקורי": "NAN",
        "תשובות אפשריות":"[]",
        "מקור": "NAN",
        "קישור": "NAN",
        "גרף":"Default"
    },
    {
        "תחום": "חברה ותקשורת",
        "מאפיין":  "בינה מלאכותית",
        "התנהגות / עמדות / ידע": "התנהגות",
        "סעיף / היגד על": "NAN",
        "פריט/היגד מקורי": "NAN",
        "תשובות אפשריות":"[]",
        "מקור": "NAN",
        "קישור": "NAN",
        "גרף":"Default"
    },
    {
        "תחום": "חברה ותקשורת",
        "מאפיין":  "בינה מלאכותית",
        "התנהגות / עמדות / ידע": "עמדות",
        "סעיף / היגד על": "NAN",
        "פריט/היגד מקורי": "NAN",
        "תשובות אפשריות":"[]",
        "מקור": "NAN",
        "קישור": "NAN",
        "גרף":"Default"
    },
    {
        "תחום": "חברה ותקשורת",
        "מאפיין":  "בינה מלאכותית",
        "התנהגות / עמדות / ידע": "ידע",
        "סעיף / היגד על": "NAN",
        "פריט/היגד מקורי": "NAN",
        "תשובות אפשריות":"[]",
        "מקור": "NAN",
        "קישור": "NAN",
        "גרף":"Default"
    },
    {
        "תחום": "צרכנות",
        "מאפיין": "ניהול מידע",
        "התנהגות / עמדות / ידע": "התנהגות",
        "סעיף / היגד על": "יכולת לבצע רכישות באינטרנט\nיכולת להגדיר חשבון מקוון לרכישות מקוונות",
        "פריט/היגד מקורי": "I can buy goods/services online using online payments, I can set up an account online that enables me to buy goods or services",
        "תשובות אפשריות":"[יכול, לא יכול]",
        "מקור": "UK Cunsumer Index",
        "קישור": "https://www.lloydsbank.com/consumer-digital-index.html",
        "גרף":"pie"
    },
    {
        "תחום": "צרכנות",
        "מאפיין":  "ניהול מידע",
        "התנהגות / עמדות / ידע": "עמדות",
        "סעיף / היגד על": "NAN",
        "פריט/היגד מקורי": "NAN",
        "תשובות אפשריות":"[]",
        "מקור": "NAN",
        "קישור": "NAN",
        "גרף":"Default"
    },
    {
        "תחום": "צרכנות",
        "מאפיין":  "ניהול מידע",
        "התנהגות / עמדות / ידע": "ידע",
        "סעיף / היגד על": "NAN",
        "פריט/היגד מקורי": "NAN",
        "תשובות אפשריות":"[]",
        "מקור": "NAN",
        "קישור": "NAN",
        "גרף":"Default"
    },
    {
        "תחום": "צרכנות",
        "מאפיין":  "תקשורת",
        "התנהגות / עמדות / ידע": "התנהגות",
        "סעיף / היגד על": "NAN",
        "פריט/היגד מקורי": "NAN",
        "תשובות אפשריות":"[]",
        "מקור": "NAN",
        "קישור": "NAN",
        "גרף":"Default"
    },
    {
        "תחום": "צרכנות",
        "מאפיין":  "תקשורת",
        "התנהגות / עמדות / ידע": "עמדות",
        "סעיף / היגד על": "NAN",
        "פריט/היגד מקורי": "NAN",
        "תשובות אפשריות":"[]",
        "מקור": "NAN",
        "קישור": "NAN",
        "גרף":"Default"
    },
    {
        "תחום": "צרכנות",
        "מאפיין":  "תקשורת",
        "התנהגות / עמדות / ידע": "ידע",
        "סעיף / היגד על": "NAN",
        "פריט/היגד מקורי": "NAN",
        "תשובות אפשריות":"[]",
        "מקור": "NAN",
        "קישור": "NAN",
        "גרף":"Default"
    },
    
    {
        "תחום": "צרכנות",
        "מאפיין": "עריכת עסקאות",
        "התנהגות / עמדות / ידע": "התנהגות",
        "סעיף / היגד על": "תדירות רכישה/מועד רכישה אחרון באינטרנט",
        "פריט/היגד מקורי": "When did you last buy or order goods or services for private use over the internet?",
        "תשובות אפשריות":"[יומי, שבועי, חודשי, לעולם לא]", 
        "מקור": "ICT Development Index",
        "קישור": "https://www.itu.int/itu-d/reports/statistics/idi2023/",
        "גרף":"bar"
    },
    {
        "תחום": "צרכנות",
        "מאפיין":  "עריכת עסקאות",
        "התנהגות / עמדות / ידע": "עמדות",
        "סעיף / היגד על": "NAN",
        "פריט/היגד מקורי": "NAN",
        "תשובות אפשריות":"[]",
        "מקור": "NAN",
        "קישור": "NAN",
        "גרף":"Default"
    },
    {
        "תחום": "צרכנות",
        "מאפיין":  "עריכת עסקאות",
        "התנהגות / עמדות / ידע": "ידע",
        "סעיף / היגד על": "NAN",
        "פריט/היגד מקורי": "NAN",
        "תשובות אפשריות":"[]",
        "מקור": "NAN",
        "קישור": "NAN",
        "גרף":"Default"
    },
    {
        "תחום": "צרכנות",
        "מאפיין":  "פתרון בעיות",
        "התנהגות / עמדות / ידע": "התנהגות",
        "סעיף / היגד על": "NAN",
        "פריט/היגד מקורי": "NAN",
        "תשובות אפשריות":"[]",
        "מקור": "NAN",
        "קישור": "NAN",
        "גרף":"Default"
    },
    {
        "תחום": "צרכנות",
        "מאפיין":  "פתרון בעיות",
        "התנהגות / עמדות / ידע": "עמדות",
        "סעיף / היגד על": "NAN",
        "פריט/היגד מקורי": "NAN",
        "תשובות אפשריות":"[]",
        "מקור": "NAN",
        "קישור": "NAN",
        "גרף":"Default"
    },
    {
        "תחום": "צרכנות",
        "מאפיין":  "פתרון בעיות",
        "התנהגות / עמדות / ידע": "ידע",
        "סעיף / היגד על": "NAN",
        "פריט/היגד מקורי": "NAN",
        "תשובות אפשריות":"[]",
        "מקור": "NAN",
        "קישור": "NAN",
        "גרף":"Default"
    },

    {
        "תחום": "צרכנות",
        "מאפיין": "כללי",
        "התנהגות / עמדות / ידע": "התנהגות",
        "סעיף / היגד על": "פילוח השימוש באינטרנט לפעילות צרכנית אישית ",
        "פריט/היגד מקורי": "I’d like you to think about different COMMERCIAL transactions people do in their everyday lives like banking or shopping. Within the last year, how often have you gone online for the following purposes?",
        "תשובות אפשריות":"[יומי, שבועי, חודשי, לעולם לא][קניית מוצר באינטרנט, תשלום חשבונות, שימוש בשירותים מקוונים בבנק, השוואת מחירים ומוצרים באינטרנט, הזמנות אוכל אונליין, מכירת דברים באינטרנט]",
        "מקור": "Oxford Internet Surveys (OxIS) ",
        "קישור": "OxIS Questionnaire 2019",
        "גרף":"scatter"
    },
    {
        "תחום": "צרכנות",
        "מאפיין":  "כללי",
        "התנהגות / עמדות / ידע": "עמדות",
        "סעיף / היגד על": "NAN",
        "פריט/היגד מקורי": "NAN",
        "תשובות אפשריות":"[]",
        "מקור": "NAN",
        "קישור": "NAN",
        "גרף":"Default"
    },
    {
        "תחום": "צרכנות",
        "מאפיין":  "כללי",
        "התנהגות / עמדות / ידע": "ידע",
        "סעיף / היגד על": "NAN",
        "פריט/היגד מקורי": "NAN",
        "תשובות אפשריות":"[]",
        "מקור": "NAN",
        "קישור": "NAN",
        "גרף":"Default"
    },
    {
        "תחום": "צרכנות",
        "מאפיין":  "בינה מלאכותית",
        "התנהגות / עמדות / ידע": "התנהגות",
        "סעיף / היגד על": "NAN",
        "פריט/היגד מקורי": "NAN",
        "תשובות אפשריות":"[]",
        "מקור": "NAN",
        "קישור": "NAN",
        "גרף":"Default"
    },
    {
        "תחום": "צרכנות",
        "מאפיין":  "בינה מלאכותית",
        "התנהגות / עמדות / ידע": "עמדות",
        "סעיף / היגד על": "NAN",
        "פריט/היגד מקורי": "NAN",
        "תשובות אפשריות":"[]",
        "מקור": "NAN",
        "קישור": "NAN",
        "גרף":"Default"
    },
    {
        "תחום": "צרכנות",
        "מאפיין":  "בינה מלאכותית",
        "התנהגות / עמדות / ידע": "ידע",
        "סעיף / היגד על": "NAN",
        "פריט/היגד מקורי": "NAN",
        "תשובות אפשריות":"[]",
        "מקור": "NAN",
        "קישור": "NAN",
        "גרף":"Default"
    },
    {
        "תחום": "בטיחות וביטחון",
        "מאפיין":  "ניהול מידע",
        "התנהגות / עמדות / ידע": "התנהגות",
        "סעיף / היגד על": "NAN",
        "פריט/היגד מקורי": "NAN",
        "תשובות אפשריות":"[]",
        "מקור": "NAN",
        "קישור": "NAN",
        "גרף":"Default"
    },
    {
        "תחום": "בטיחות וביטחון",
        "מאפיין":  "ניהול מידע",
        "התנהגות / עמדות / ידע": "עמדות",
        "סעיף / היגד על": "NAN",
        "פריט/היגד מקורי": "NAN",
        "תשובות אפשריות":"[]",
        "מקור": "NAN",
        "קישור": "NAN",
        "גרף":"Default"
    },
    {
        "תחום": "בטיחות וביטחון",
        "מאפיין":  "ניהול מידע",
        "התנהגות / עמדות / ידע": "ידע",
        "סעיף / היגד על": "NAN",
        "פריט/היגד מקורי": "NAN",
        "תשובות אפשריות":"[]",
        "מקור": "NAN",
        "קישור": "NAN",
        "גרף":"Default"
    },
    {
        "תחום": "בטיחות וביטחון",
        "מאפיין":  "תקשורת",
        "התנהגות / עמדות / ידע": "התנהגות",
        "סעיף / היגד על": "NAN",
        "פריט/היגד מקורי": "NAN",
        "תשובות אפשריות":"[]",
        "מקור": "NAN",
        "קישור": "NAN",
        "גרף":"Default"
    },
    {
        "תחום": "בטיחות וביטחון",
        "מאפיין": "תקשורת",
        "התנהגות / עמדות / ידע": "עמדות",
        "סעיף / היגד על": "מידת תחושת הביטחון ברשת",
        "פריט/היגד מקורי": "I worry about whether something I say online could cause me problems in the future [Strongly disagree-Strongly agree]",
        "תשובות אפשריות":"[בטוח במידה רבה, בטוח, בטוח במידה מועטה, כלל לא בטוח]",
        "מקור": "OFCOM",
        "קישור": "OFCOM",
        "גרף":"bar"
    },
    {
        "תחום": "בטיחות וביטחון",
        "מאפיין": "תקשורת",
        "התנהגות / עמדות / ידע": "עמדות",
        "סעיף / היגד על": "מידת האמון בתכנים מקוונים- חדשות",
        "פריט/היגד מקורי": "When you see a news story or article on these types of sites or apps do you ever think about whether it is truthful or accurate?",
        "תשובות אפשריות":"[תומך במידה רבה,תומך במידה מועטה, לא תומך כלל]",
        "מקור": "OFCOM",
        "קישור": "OFCOM",
        "גרף":"bar"
    },
    {
        "תחום": "בטיחות וביטחון",
        "מאפיין": "תקשורת",
        "התנהגות / עמדות / ידע": "עמדות",
        "סעיף / היגד על": "מידת האמון בתכנים מקוונים- מידע מהרשתות החברתיות",
        "פריט/היגד מקורי": "Thinking now about the leaders of social media companies… How much do you trust that leaders of social media companies will…",
        "תשובות אפשריות":"[במידה רבה מאוד, במידה רבה, במידה מועטה, כלל לא]", 
        "מקור": "Pew Research Center’s American Trends Panel ",
        "קישור": "Pew Research Center",
        "גרף":"bar"
    },
    {
        "תחום": "בטיחות וביטחון",
        "מאפיין": "תקשורת",
        "התנהגות / עמדות / ידע": "ידע",
        "סעיף / היגד על": "יכולת לזהות מידע אמין ברשת",
        "פריט/היגד מקורי": "I can recognise what information or content online may, or may not, be trustworthy, I can be careful with what I share online as I know that online activity produces a permanent record that can be accessed by others",
        "תשובות אפשריות":"[מזהה, לא מזהה]",
        "מקור": "UK Cunsumer Index",
        "קישור": "https://www.lloydsbank.com/consumer-digital-index.html",
        "גרף":"pie"
    },
    {
        "תחום": "בטיחות וביטחון",
        "מאפיין":  "עריכת עסקאות",
        "התנהגות / עמדות / ידע": "התנהגות",
        "סעיף / היגד על": "NAN",
        "פריט/היגד מקורי": "NAN",
        "תשובות אפשריות":"[]",
        "מקור": "NAN",
        "קישור": "NAN",
        "גרף":"Default"
    },
    {
        "תחום": "בטיחות וביטחון",
        "מאפיין":  "עריכת עסקאות",
        "התנהגות / עמדות / ידע": "עמדות",
        "סעיף / היגד על": "NAN",
        "פריט/היגד מקורי": "NAN",
        "תשובות אפשריות":"[]",
        "מקור": "NAN",
        "קישור": "NAN",
        "גרף":"Default"
    },
    {
        "תחום": "בטיחות וביטחון",
        "מאפיין":  "עריכת עסקאות",
        "התנהגות / עמדות / ידע": "ידע",
        "סעיף / היגד על": "NAN",
        "פריט/היגד מקורי": "NAN",
        "תשובות אפשריות":"[]",
        "מקור": "NAN",
        "קישור": "NAN",
        "גרף":"Default"
    },
    {
        "תחום": "בטיחות וביטחון",
        "מאפיין":  "פתרון בעיות",
        "התנהגות / עמדות / ידע": "התנהגות",
        "סעיף / היגד על": "NAN",
        "פריט/היגד מקורי": "NAN",
        "תשובות אפשריות":"[]",
        "מקור": "NAN",
        "קישור": "NAN",
        "גרף":"Default"
    },
    {
        "תחום": "בטיחות וביטחון",
        "מאפיין":  "פתרון בעיות",
        "התנהגות / עמדות / ידע": "עמדות",
        "סעיף / היגד על": "NAN",
        "פריט/היגד מקורי": "NAN",
        "תשובות אפשריות":"[]",
        "מקור": "NAN",
        "קישור": "NAN",
        "גרף":"Default"
    },
    {
        "תחום": "בטיחות וביטחון",
        "מאפיין":  "פתרון בעיות",
        "התנהגות / עמדות / ידע": "ידע",
        "סעיף / היגד על": "NAN",
        "פריט/היגד מקורי": "NAN",
        "תשובות אפשריות":"[]",
        "מקור": "NAN",
        "קישור": "NAN",
        "גרף":"Default"
    },
    {
        "תחום": "בטיחות וביטחון",
        "מאפיין":  "כללי",
        "התנהגות / עמדות / ידע": "התנהגות",
        "סעיף / היגד על": "NAN",
        "פריט/היגד מקורי": "NAN",
        "תשובות אפשריות":"[]",
        "מקור": "NAN",
        "קישור": "NAN",
        "גרף":"Default"
    },
    {
        "תחום": "בטיחות וביטחון",
        "מאפיין": "כללי",
        "התנהגות / עמדות / ידע": "עמדות",
        "סעיף / היגד על": "מידת הביטחון בחברות להן סופק מידע אישי באופן מקוון",
        "פריט/היגד מקורי": "Thinking about the INFORMATION you are sometimes asked to put online , how COMFORTABLE are you in providing the following types of information online?",
        "תשובות אפשריות":"[בטוח במידה רבה, בטוח, בטוח במידה מועטה, כלל לא בטוח][דואר אלקטרוני, גיל, מספר טלפון,פרטי אשראי, תמונת פנים]",
        "מקור": "Oxford Internet Surveys (OxIS) ",
        "קישור": "OxIS Questionnaire 2019",
        "גרף":"scatter"
    },
    {
        "תחום": "בטיחות וביטחון",
        "מאפיין": "כללי",
        "התנהגות / עמדות / ידע": "ידע",
        "סעיף / היגד על": "מידת הידע לגבי אופי ההתנהלות של פלטפורמות מקוונות",
        "פריט/היגד מקורי": "How do you think search engine websites as Google or Bing/ sites or apps loke YouTube or TikTok, are mainly funded?",
        "תשובות אפשריות": "[במידה רבה מאוד, במידה רבה, במידה מועטה, כלל לא]",
        "מקור": "UK Cunsumer Index",
        "קישור": "https://www.lloydsbank.com/consumer-digital-index.html",
        "גרף":"bar"
    },
    {
        "תחום": "בטיחות וביטחון",
        "מאפיין":  "בינה מלאכותית",
        "התנהגות / עמדות / ידע": "התנהגות",
        "סעיף / היגד על": "NAN",
        "פריט/היגד מקורי": "NAN",
        "תשובות אפשריות":"[]",
        "מקור": "NAN",
        "קישור": "NAN",
        "גרף":"Default"
    },
    {
        "תחום": "בטיחות וביטחון",
        "מאפיין": "בינה מלאכותית",
        "התנהגות / עמדות / ידע": "עמדות",
        "סעיף / היגד על": "מידת הביטחון במידע שנאסף באופן מקוון על ידי בינה מלאכותית",
        "פריט/היגד מקורי": "As companies use AI to collect and analyze personal details and information, do you think this information will be used in ways…",
        "תשובות אפשריות":"[בטוח במידה רבה, בטוח, בטוח במידה מועטה, כלל לא בטוח]",
        "מקור": "Pew Research Center’s American Trends Panel ",
        "קישור": "Pew Research Center",
        "גרף":"bar"
    },
    {
        "תחום": "בטיחות וביטחון",
        "מאפיין":  "בינה מלאכותית",
        "התנהגות / עמדות / ידע": "ידע",
        "סעיף / היגד על": "NAN",
        "פריט/היגד מקורי": "NAN",
        "תשובות אפשריות":"[]",
        "מקור": "NAN",
        "קישור": "NAN",
        "גרף":"Default"
    },
    {
        "תחום": "כללי",
        "מאפיין": "ניהול מידע",
        "התנהגות / עמדות / ידע": "התנהגות",
        "סעיף / היגד על": "יכולת חיפוש במנועי חיפוש ופלטפורמות מקוונות",
        "פריט/היגד מקורי": "I can use search engines to find information I’m looking for",
        "תשובות אפשריות":"[יכול, לא יכול]",
        "מקור": "UK Cunsumer Index",
        "קישור": "UK_ consumer index",
        "גרף":"pie"
    },
    {
        "תחום": "כללי",
        "מאפיין":  "ניהול מידע",
        "התנהגות / עמדות / ידע": "עמדות",
        "סעיף / היגד על": "NAN",
        "פריט/היגד מקורי": "NAN",
        "תשובות אפשריות":"[]",
        "מקור": "NAN",
        "קישור": "NAN",
        "גרף":"Default"
    },
    {
        "תחום": "כללי",
        "מאפיין":  "ניהול מידע",
        "התנהגות / עמדות / ידע": "ידע",
        "סעיף / היגד על": "NAN",
        "פריט/היגד מקורי": "NAN",
        "תשובות אפשריות":"[]",
        "מקור": "NAN",
        "קישור": "NAN",
        "גרף":"Default"
    },
    {
        "תחום": "כללי",
        "מאפיין": "תקשורת",
        "התנהגות / עמדות / ידע": "התנהגות",
        "סעיף / היגד על": " מידת השימוש ברשתות החברתיות",
        "פריט/היגד מקורי": "Which if any of these social media apps/sites do you use?",
        "תשובות אפשריות":"[במידה רבה מאוד, במידה רבה, במידה מועטה, כלל לא]",
        "מקור": "OFCOM",
        "קישור": "OFCOM",
        "גרף":"bar"
    },
    {
        "תחום": "כללי",
        "מאפיין": "תקשורת",
        "התנהגות / עמדות / ידע": "התנהגות",
        "סעיף / היגד על": "תדירות השימוש באינטרנט בפלטפורמות שונות",
        "פריט/היגד מקורי": "Please think about the time you spend on your smartphone, desktop, laptop or tablet and about activities like social media, messaging, or email. Overall, what best describes how often you go online? ",
        "תשובות אפשריות":"[מספר פעמים ביום, פעם ביום, שבועית , חודשית, כלל לא]",
        "מקור": "Oxford Internet Surveys (OxIS) ",
        "קישור": "OxIS Questionnaire 2019",
        "גרף":"bar"
    },
    {
        "תחום": "כללי",
        "מאפיין":  "תקשורת",
        "התנהגות / עמדות / ידע": "עמדות",
        "סעיף / היגד על": "NAN",
        "פריט/היגד מקורי": "NAN",
        "תשובות אפשריות":"",
        "מקור": "NAN",
        "קישור": "NAN",
        "גרף":"Default"
    },
    {
        "תחום": "כללי",
        "מאפיין":  "תקשורת",
        "התנהגות / עמדות / ידע": "ידע",
        "סעיף / היגד על": "NAN",
        "פריט/היגד מקורי": "NAN",
        "תשובות אפשריות":"",
        "מקור": "NAN",
        "קישור": "NAN",
        "גרף":"Default"
    },
    {
        "תחום": "כללי",
        "מאפיין": "עריכת עסקאות",
        "התנהגות / עמדות / ידע": "התנהגות",
        "סעיף / היגד על": "אופי השימוש בפלטפורמות מקוונות (אחסון קבצים, התקנת אפליקציות וכדו')",
        "פריט/היגד מקורי": "Thinking about your online activities in the last three months , please indicate whether you have done these and whether you were successful (i.e. you managed to buy or pay something or found out about a benefit)?",
        "תשובות אפשריות":"[קניתי, ניסיתי ולא הצלחתי, אני לא בטוח, לא ניסיתי][קניית מוצר או שירוץ באופן מקוון, תשלום חשבונות באופן מקוון, קבלת מידע על הטבות באופן מקוון ]",
        "מקור": "Digital Skills to Tangible Outcomes (DiSTO)",
        "קישור": "DiSTO Project",
        "גרף":"scatter"
    },
    {
        "תחום": "כללי",
        "מאפיין":  "עריכת עסקאות",
        "התנהגות / עמדות / ידע": "עמדות",
        "סעיף / היגד על": "NAN",
        "פריט/היגד מקורי": "NAN",
        "תשובות אפשריות":"",
        "מקור": "NAN",
        "קישור": "NAN",
        "גרף":"Default"
    },
    {
        "תחום": "כללי",
        "מאפיין":  "עריכת עסקאות",
        "התנהגות / עמדות / ידע": "ידע",
        "סעיף / היגד על": "NAN",
        "פריט/היגד מקורי": "NAN",
        "תשובות אפשריות":"",
        "מקור": "NAN",
        "קישור": "NAN",
        "גרף":"Default"
    },
    {
        "תחום": "כללי",
        "מאפיין":  "פתרון בעיות",
        "התנהגות / עמדות / ידע": "התנהגות",
        "סעיף / היגד על": "NAN",
        "פריט/היגד מקורי": "NAN",
        "תשובות אפשריות":"",
        "מקור": "NAN",
        "קישור": "NAN",
        "גרף":"Default"
    },
    {
        "תחום": "כללי",
        "מאפיין":  "פתרון בעיות",
        "התנהגות / עמדות / ידע": "עמדות",
        "סעיף / היגד על": "NAN",
        "פריט/היגד מקורי": "NAN",
        "תשובות אפשריות":"",
        "מקור": "NAN",
        "קישור": "NAN",
        "גרף":"Default"
    },
    {
        "תחום": "כללי",
        "מאפיין": "פתרון בעיות",
        "התנהגות / עמדות / ידע": "ידע",
        "סעיף / היגד על": "יכולת חיפוש מידע באינטנרט לצורך פתרון בעיות",
        "פריט/היגד מקורי": "I can use the Internet to find information that helps me solve problems",
        "תשובות אפשריות":"[יכול במידה רבה, יכול, יכול במידה מועטה, לא יכול]",
        "מקור": "UK Cunsumer Index",
        "קישור": "https://www.lloydsbank.com/consumer-digital-index.html",
        "גרף":"pie"
    },
    {
        "תחום": "כללי",
        "מאפיין":  "כללי",
        "התנהגות / עמדות / ידע": "התנהגות",
        "סעיף / היגד על": "NAN",
        "פריט/היגד מקורי": "NAN",
        "תשובות אפשריות":"",
        "מקור": "NAN",
        "קישור": "NAN",
        "גרף":"Default"
    },
    {
        "תחום": "כללי",
        "מאפיין":  "כללי",
        "התנהגות / עמדות / ידע": "עמדות",
        "סעיף / היגד על": "NAN",
        "פריט/היגד מקורי": "NAN",
        "תשובות אפשריות":"",
        "מקור": "NAN",
        "קישור": "NAN",
        "גרף":"Default"
    },
    
    {
        "תחום": "כללי",
        "מאפיין": "כללי",
        "התנהגות / עמדות / ידע": "ידע",
        "סעיף / היגד על": "גישה ביתית לאינטרנט",
        "פריט/היגד מקורי": "Do you or does anyone in your household have access to the internet at home?",
        "תשובות אפשריות":"[יש לי ומשתמש, יש לי ואני לא משתמש, לא משתמש]", 
        "מקור": "OFCOM",
        "קישור": "OFCOM",
        "גרף":"bar"
    },
    {
        "תחום": "כללי",
        "מאפיין": "בינה מלאכותית",
        "התנהגות / עמדות / ידע": "התנהגות",
        "סעיף / היגד על": "מידת השימוש היומיומי בבינה מלאכותית",
        "פריט/היגד מקורי": "In the past month, to what extent have you chosen to use AI in your day-to-day life? ",
        "תשובות אפשריות":"[במידה רבה, במידה מועטה, כלל לא]",
        "מקור": "Office for National Statistics (ONS) UK ",
        "קישור": "ONS UK survey AI 2023",
        "גרף":"bar"
    },
    {
        "תחום": "כללי",
        "מאפיין":  "בינה מלאכותית",
        "התנהגות / עמדות / ידע": "עמדות",
        "סעיף / היגד על": "NAN",
        "פריט/היגד מקורי": "NAN",
        "תשובות אפשריות":"",
        "מקור": "NAN",
        "קישור": "NAN",
        "גרף":"Default"
    },
    {
        "תחום": "כללי",
        "מאפיין": "בינה מלאכותית",
        "התנהגות / עמדות / ידע": "ידע",
        "סעיף / היגד על": "מידת ההיכרות עם כלי בינה מלאכותית ",
        "פריט/היגד מקורי": "Have you ever heared of the term Artificial Intelligence (AI)?",
        "תשובות אפשריות":"[מכיר במידה רבה -יודע להסביר בפירוט, מכיר -יודע לתת הסבר חלקי, מכיר במידה מועטה- לא יודע לתת הסבר, לא מכיר כלל]",
        "מקור": "Office for National Statistics (ONS) UK ",
        "קישור": "ONS UK survey AI 2023",
        "גרף":"bar"
    }
]