[
    {
        "נושא": "ניהול מידע התנהגות",
        "תעסוקה": "טקסט1",
        "בריאות": "טקסט1",
        "פיננסים": "טקסט1",
        "פנאי ובידור": "טקסט1",
        "למידה דיגיטאלית": "טקסט1",
        "מיצוי זכויות": "טקסט1",
        "חברה ותקשורת": "טקסט1",
        "צרכנות": "טקסט1",
        "ביטחון ובטיחות": "טקסט1",
        "כללי": "גיא נועה ושקד המלכות"
    },
    {
        "נושא": "ניהול מידע עמדות",
        "תעסוקה": "טקסט2",
        "בריאות": "טקסט2",
        "פיננסים": "טקסט2",
        "פנאי ובידור": "טקסט2",
        "למידה דיגיטאלית": "טקסט2",
        "מיצוי זכויות": "טקסט2",
        "חברה ותקשורת": "טקסט2",
        "צרכנות": "טקסט2",
        "ביטחון ובטיחות": "טקסט2",
        "כללי": "טקסט2"
    },
    {
        "נושא": "ניהול מידע ידע",
        "תעסוקה": "טקסט3",
        "בריאות": "טקסט3",
        "פיננסים": "טקסט3",
        "פנאי ובידור": "טקסט3",
        "למידה דיגיטאלית": "טקסט3",
        "מיצוי זכויות": "טקסט3",
        "חברה ותקשורת": "טקסט3",
        "צרכנות": "טקסט3",
        "ביטחון ובטיחות": "טקסט3",
        "כללי": "טקסט3"
    },
    {
        "נושא": "תקשורת התנהגות",
        "תעסוקה": "טקסט4",
        "בריאות": "טקסט4",
        "פיננסים": "טקסט4",
        "פנאי ובידור": "טקסט4",
        "למידה דיגיטאלית": "טקסט4",
        "מיצוי זכויות": "טקסט4",
        "חברה ותקשורת": "טקסט4",
        "צרכנות": "טקסט4",
        "ביטחון ובטיחות": "טקסט4",
        "כללי": "טקסט4"
    },
    {
        "נושא": "תקשורת עמדות",
        "תעסוקה": "טקסט5",
        "בריאות": "טקסט5",
        "פיננסים": "טקסט5",
        "פנאי ובידור": "טקסט5",
        "למידה דיגיטאלית": "טקסט5",
        "מיצוי זכויות": "טקסט5",
        "חברה ותקשורת": "טקסט5",
        "צרכנות": "טקסט5",
        "ביטחון ובטיחות": "טקסט5",
        "כללי": "טקסט5"
    },
    {
        "נושא": "תקשורת ידע",
        "תעסוקה": "טקסט6",
        "בריאות": "טקסט6",
        "פיננסים": "טקסט6",
        "פנאי ובידור": "טקסט6",
        "למידה דיגיטאלית": "טקסט6",
        "מיצוי זכויות": "טקסט6",
        "חברה ותקשורת": "טקסט6",
        "צרכנות": "טקסט6",
        "ביטחון ובטיחות": "טקסט6",
        "כללי": "טקסט6"
    },
    {
        "נושא": "עסקאות התנהגות",
        "תעסוקה": "טקסט7",
        "בריאות": "טקסט7",
        "פיננסים": "טקסט7",
        "פנאי ובידור": "טקסט7",
        "למידה דיגיטאלית": "טקסט7",
        "מיצוי זכויות": "טקסט7",
        "חברה ותקשורת": "טקסט7",
        "צרכנות": "טקסט7",
        "ביטחון ובטיחות": "טקסט7",
        "כללי": "טקסט7"
    },
    {
        "נושא": "עסקאות עמדות",
        "תעסוקה": "טקסט8",
        "בריאות": "טקסט8",
        "פיננסים": "טקסט8",
        "פנאי ובידור": "טקסט8",
        "למידה דיגיטאלית": "טקסט8",
        "מיצוי זכויות": "טקסט8",
        "חברה ותקשורת": "טקסט8",
        "צרכנות": "טקסט8",
        "ביטחון ובטיחות": "טקסט8",
        "כללי": "טקסט8"
    },
    {
        "נושא": "עסקאות ידע",
        "תעסוקה": "טקסט9",
        "בריאות": "טקסט9",
        "פיננסים": "טקסט9",
        "פנאי ובידור": "טקסט9",
        "למידה דיגיטאלית": "טקסט9",
        "מיצוי זכויות": "טקסט9",
        "חברה ותקשורת": "טקסט9",
        "צרכנות": "טקסט9",
        "ביטחון ובטיחות": "טקסט9",
        "כללי": "טקסט9"
    },
    {
        "נושא": "פתרון בעיות התנהגות",
        "תעסוקה": "טקסט10",
        "בריאות": "טקסט10",
        "פיננסים": "טקסט10",
        "פנאי ובידור": "טקסט10",
        "למידה דיגיטאלית": "טקסט10",
        "מיצוי זכויות": "טקסט10",
        "חברה ותקשורת": "טקסט10",
        "צרכנות": "טקסט10",
        "ביטחון ובטיחות": "טקסט10",
        "כללי": "טקסט10"
    },
    {
        "נושא": "פתרון בעיות עמדות",
        "תעסוקה": "טקסט11",
        "בריאות": "טקסט11",
        "פיננסים": "טקסט11",
        "פנאי ובידור": "טקסט11",
        "למידה דיגיטאלית": "טקסט11",
        "מיצוי זכויות": "טקסט11",
        "חברה ותקשורת": "טקסט11",
        "צרכנות": "טקסט11",
        "ביטחון ובטיחות": "טקסט11",
        "כללי": "טקסט11"
    },
    {
        "נושא": "פתרון בעיות ידע",
        "תעסוקה": "טקסט12",
        "בריאות": "טקסט12",
        "פיננסים": "טקסט12",
        "פנאי ובידור": "טקסט12",
        "למידה דיגיטאלית": "טקסט12",
        "מיצוי זכויות": "טקסט12",
        "חברה ותקשורת": "טקסט12",
        "צרכנות": "טקסט12",
        "ביטחון ובטיחות": "טקסט12",
        "כללי": "טקסט12"
    },
    {
        "נושא": "תחומי חיים כללי התנהגות",
        "תעסוקה": "טקסט13",
        "בריאות": "טקסט13",
        "פיננסים": "טקסט13",
        "פנאי ובידור": "טקסט13",
        "למידה דיגיטאלית": "טקסט13",
        "מיצוי זכויות": "טקסט13",
        "חברה ותקשורת": "טקסט13",
        "צרכנות": "טקסט13",
        "ביטחון ובטיחות": "טקסט13",
        "כללי": "טקסט13"
    },
    {
        "נושא": "תחומי חיים כללי עמדות",
        "תעסוקה": "טקסט14",
        "בריאות": "טקסט14",
        "פיננסים": "טקסט14",
        "פנאי ובידור": "טקסט14",
        "למידה דיגיטאלית": "טקסט14",
        "מיצוי זכויות": "טקסט14",
        "חברה ותקשורת": "טקסט14",
        "צרכנות": "טקסט14",
        "ביטחון ובטיחות": "טקסט14",
        "כללי": "טקסט14"
    },
    {
        "נושא": "תחומי חיים כללי ידע",
        "תעסוקה": "טקסט15",
        "בריאות": "טקסט15",
        "פיננסים": "טקסט15",
        "פנאי ובידור": "טקסט15",
        "למידה דיגיטאלית": "טקסט15",
        "מיצוי זכויות": "טקסט15",
        "חברה ותקשורת": "טקסט15",
        "צרכנות": "טקסט15",
        "ביטחון ובטיחות": "טקסט15",
        "כללי": "טקסט15"
    },
    {
        "נושא": "AI התנהגות",
        "תעסוקה": "טקסט16",
        "בריאות": "טקסט16",
        "פיננסים": "טקסט16",
        "פנאי ובידור": "טקסט16",
        "למידה דיגיטאלית": "טקסט16",
        "מיצוי זכויות": "טקסט16",
        "חברה ותקשורת": "טקסט16",
        "צרכנות": "טקסט16",
        "ביטחון ובטיחות": "טקסט16",
        "כללי": "טקסט16"
    },
    {
        "נושא": "AI עמדות",
        "תעסוקה": "טקסט17",
        "בריאות": "טקסט17",
        "פיננסים": "טקסט17",
        "פנאי ובידור": "טקסט17",
        "למידה דיגיטאלית": "טקסט17",
        "מיצוי זכויות": "טקסט17",
        "חברה ותקשורת": "טקסט17",
        "צרכנות": "טקסט17",
        "ביטחון ובטיחות": "טקסט17",
        "כללי": "טקסט17"
    },
    {
        "נושא": "AI ידע",
        "תעסוקה": "טקסט18",
        "בריאות": "טקסט18",
        "פיננסים": "טקסט18",
        "פנאי ובידור": "טקסט18",
        "למידה דיגיטאלית": "טקסט18",
        "מיצוי זכויות": "טקסט18",
        "חברה ותקשורת": "טקסט18",
        "צרכנות": "טקסט18",
        "ביטחון ובטיחות": "טקסט18",
        "כללי": "טקסט18"
    }
]